image_ID,ITA,color
ISIC_0000000,56.91424445540597,very_lt
ISIC_0000001,45.805721321411504,lt1
ISIC_0000003,53.61909504049185,lt2
ISIC_0000004,-20.219014076279876,dark
ISIC_0000006,45.672726809839936,lt1
ISIC_0000007,49.171738870239345,lt2
ISIC_0000008,52.06460546671164,lt2
ISIC_0000009,45.92107183240452,lt1
ISIC_0000011,44.225149034202694,lt1
ISIC_0000012,41.221735757702135,lt1
ISIC_0000013,54.373141589893535,lt2
ISIC_0000014,47.327072004293726,lt1
ISIC_0000015,49.006034712533186,lt2
ISIC_0000016,57.36974226956907,very_lt
ISIC_0000017,43.93948832239513,lt1
ISIC_0000018,45.828099253447974,lt1
ISIC_0000019,48.618557483475485,lt2
ISIC_0000020,43.91166763876611,lt1
ISIC_0000021,43.23440399172418,lt1
ISIC_0000022,43.20400944534744,lt1
ISIC_0000023,43.64605804621464,lt1
ISIC_0000024,45.74092742720197,lt1
ISIC_0000025,42.855050362285155,lt1
ISIC_0000026,43.22875118109198,lt1
ISIC_0000027,43.40539894954721,lt1
ISIC_0000028,48.81709909162923,lt2
ISIC_0000029,53.512237426049246,lt2
ISIC_0000030,45.54660776856849,lt1
ISIC_0000031,44.44314347379499,lt1
ISIC_0000032,44.086265704914695,lt1
ISIC_0000034,50.20902043765432,lt2
ISIC_0000035,55.62484633023396,very_lt
ISIC_0000036,-15.913568173573637,dark
ISIC_0000037,57.349569937778924,very_lt
ISIC_0000038,57.63760312624526,very_lt
ISIC_0000039,56.262126046511504,very_lt
ISIC_0000040,50.3354484111939,lt2
ISIC_0000041,47.292786134570854,lt1
ISIC_0000042,56.620178194099935,very_lt
ISIC_0000043,55.23411119169863,very_lt
ISIC_0000044,55.278778976947386,very_lt
ISIC_0000045,48.308911005122404,lt2
ISIC_0000046,54.821545822690126,lt2
ISIC_0000047,50.04168003651646,lt2
ISIC_0000048,43.49476614986342,lt1
ISIC_0000049,48.59256904779294,lt2
ISIC_0000050,46.08198409544918,lt1
ISIC_0000051,46.34796394689,lt1
ISIC_0000052,56.43981230418769,very_lt
ISIC_0000053,49.24176477307982,lt2
ISIC_0000054,44.359577731166425,lt1
ISIC_0000055,48.28025418738122,lt2
ISIC_0000056,46.47876797651901,lt1
ISIC_0000057,47.90139575621146,lt1
ISIC_0000058,46.30410603780871,lt1
ISIC_0000059,49.259218821564104,lt2
ISIC_0000060,48.29033791373127,lt2
ISIC_0000061,50.14331743985351,lt2
ISIC_0000062,42.74069279041333,lt1
ISIC_0000063,52.22747931632072,lt2
ISIC_0000064,49.4426122191588,lt2
ISIC_0000065,47.607297677030274,lt1
ISIC_0000066,54.229569708223764,lt2
ISIC_0000067,48.64435719229551,lt2
ISIC_0000068,54.608298872290376,lt2
ISIC_0000069,44.5219074942674,lt1
ISIC_0000071,33.80477064521369,int1
ISIC_0000072,44.535145157796535,lt1
ISIC_0000073,57.71020266331609,very_lt
ISIC_0000074,53.992348962186504,lt2
ISIC_0000075,51.32643619009316,lt2
ISIC_0000077,40.517268844779025,int2
ISIC_0000078,42.301618870754396,lt1
ISIC_0000079,41.46822760734622,lt1
ISIC_0000080,44.535716152027085,lt1
ISIC_0000081,44.656637840735804,lt1
ISIC_0000082,44.856189597033335,lt1
ISIC_0000085,40.13882641098848,int2
ISIC_0000086,44.12706593802258,lt1
ISIC_0000087,46.682931033941195,lt1
ISIC_0000088,46.234113049122534,lt1
ISIC_0000089,44.353072774933246,lt1
ISIC_0000091,44.54014366887624,lt1
ISIC_0000092,42.29544581542149,lt1
ISIC_0000093,41.53873834983454,lt1
ISIC_0000094,41.884513474145656,lt1
ISIC_0000095,39.623579659641976,int2
ISIC_0000096,41.861979073149264,lt1
ISIC_0000097,48.2746447980555,lt2
ISIC_0000098,43.33797981263831,lt1
ISIC_0000099,46.75490058609981,lt1
ISIC_0000100,51.560180105102965,lt2
ISIC_0000101,50.862108570296584,lt2
ISIC_0000102,39.41357232520503,int2
ISIC_0000103,47.98953761400073,lt1
ISIC_0000104,46.06595740205162,lt1
ISIC_0000105,40.65759231054634,int2
ISIC_0000107,41.03450927686171,lt1
ISIC_0000108,41.056416629226824,lt1
ISIC_0000109,45.12646846687318,lt1
ISIC_0000110,41.68324890861224,lt1
ISIC_0000111,56.56370424637613,very_lt
ISIC_0000112,42.30277621062673,lt1
ISIC_0000113,39.610055936639064,int2
ISIC_0000115,42.16868834150446,lt1
ISIC_0000116,43.72876900333484,lt1
ISIC_0000117,40.835348015892855,int2
ISIC_0000119,42.97783212324815,lt1
ISIC_0000120,51.04924354902162,lt2
ISIC_0000121,43.83882898560299,lt1
ISIC_0000122,45.153916144715666,lt1
ISIC_0000123,45.85088803711006,lt1
ISIC_0000124,43.91873417534482,lt1
ISIC_0000125,43.18111755448033,lt1
ISIC_0000126,43.92229408741746,lt1
ISIC_0000127,37.16223279467497,int2
ISIC_0000128,39.91620465386762,int2
ISIC_0000129,42.3241421530183,lt1
ISIC_0000131,45.50775501486058,lt1
ISIC_0000132,41.09972826516908,lt1
ISIC_0000133,39.717916962460315,int2
ISIC_0000134,42.9683773436787,lt1
ISIC_0000135,53.88479590415076,lt2
ISIC_0000136,57.54139127432873,very_lt
ISIC_0000137,46.132718427772765,lt1
ISIC_0000138,44.64586387908912,lt1
ISIC_0000139,47.56099808617754,lt1
ISIC_0000140,49.85757955585084,lt2
ISIC_0000141,41.771205050461155,lt1
ISIC_0000142,47.36070428621952,lt1
ISIC_0000143,45.54634830855557,lt1
ISIC_0000145,47.14139656597143,lt1
ISIC_0000146,51.21098228713389,lt2
ISIC_0000147,46.35807093472667,lt1
ISIC_0000148,45.60108662106091,lt1
ISIC_0000149,46.63255997641641,lt1
ISIC_0000150,43.95145302172022,lt1
ISIC_0000151,37.54936853012295,int2
ISIC_0000152,45.5485689915187,lt1
ISIC_0000153,44.28021183171026,lt1
ISIC_0000154,41.347290313178746,lt1
ISIC_0000155,57.526671208404295,very_lt
ISIC_0000156,45.95883044148215,lt1
ISIC_0000157,46.10656929444981,lt1
ISIC_0000159,50.765918271180695,lt2
ISIC_0000160,53.00966484764746,lt2
ISIC_0000161,50.12227328228648,lt2
ISIC_0000162,55.637824153431964,very_lt
ISIC_0000163,46.69556484176286,lt1
ISIC_0000164,43.36862478009457,lt1
ISIC_0000165,48.951222773836285,lt2
ISIC_0000166,55.3465354827977,very_lt
ISIC_0000167,50.34253226535473,lt2
ISIC_0000169,38.56936545890608,int2
ISIC_0000170,51.22930499759549,lt2
ISIC_0000171,55.32600264620469,very_lt
ISIC_0000172,45.370285008177845,lt1
ISIC_0000173,44.1535449610548,lt1
ISIC_0000175,57.25947635994914,very_lt
ISIC_0000176,44.38739630855026,lt1
ISIC_0000177,48.51825221945351,lt2
ISIC_0000179,45.966784117017426,lt1
ISIC_0000181,53.31766866893548,lt2
ISIC_0000182,48.50983882817,lt2
ISIC_0000183,49.438971738487986,lt2
ISIC_0000184,46.01291245865654,lt1
ISIC_0000185,50.97627650804719,lt2
ISIC_0000186,52.01056419259185,lt2
ISIC_0000187,50.42888674867279,lt2
ISIC_0000188,45.8313973962017,lt1
ISIC_0000189,45.76535491596563,lt1
ISIC_0000190,50.07367669485172,lt2
ISIC_0000191,41.03286787313491,lt1
ISIC_0000192,46.87526205661097,lt1
ISIC_0000193,46.08236372264062,lt1
ISIC_0000196,50.52721637790184,lt2
ISIC_0000197,51.11837174356458,lt2
ISIC_0000198,40.60427947787299,int2
ISIC_0000199,45.44251043217346,lt1
ISIC_0000200,49.902185738231005,lt2
ISIC_0000201,50.97925113685121,lt2
ISIC_0000202,51.55089734527366,lt2
ISIC_0000203,51.71516777696555,lt2
ISIC_0000204,53.326998397481674,lt2
ISIC_0000205,57.073651742455354,very_lt
ISIC_0000206,50.45487372204219,lt2
ISIC_0000207,53.35115747161125,lt2
ISIC_0000208,49.99513161745291,lt2
ISIC_0000209,45.05228980245858,lt1
ISIC_0000210,41.669567060147685,lt1
ISIC_0000211,46.87488199734588,lt1
ISIC_0000212,52.38466394458062,lt2
ISIC_0000213,55.42376122741,very_lt
ISIC_0000214,50.22357757355729,lt2
ISIC_0000215,57.44238727149515,very_lt
ISIC_0000216,51.65788779698548,lt2
ISIC_0000217,51.75142740785418,lt2
ISIC_0000218,47.25301664637645,lt1
ISIC_0000219,50.36944672925513,lt2
ISIC_0000220,57.556492899818245,very_lt
ISIC_0000221,54.40538403069465,lt2
ISIC_0000222,52.105324779671484,lt2
ISIC_0000223,47.31407520536617,lt1
ISIC_0000224,51.18865239673809,lt2
ISIC_0000225,50.352903920771055,lt2
ISIC_0000226,46.24333820900474,lt1
ISIC_0000227,49.60660099106314,lt2
ISIC_0000228,50.79312747814428,lt2
ISIC_0000229,50.023393232883635,lt2
ISIC_0000230,50.14252930402326,lt2
ISIC_0000231,46.92476376603115,lt1
ISIC_0000232,50.890448894348225,lt2
ISIC_0000233,52.061381310841575,lt2
ISIC_0000234,53.9013362665124,lt2
ISIC_0000235,49.74874155487338,lt2
ISIC_0000236,54.94901973989644,lt2
ISIC_0000239,56.91436476701191,very_lt
ISIC_0000240,36.87212878144801,int2
ISIC_0000242,48.2411754392685,lt2
ISIC_0000243,50.351190863999584,lt2
ISIC_0000244,47.12001875979738,lt1
ISIC_0000245,33.337490437186176,int1
ISIC_0000246,46.46863163458881,lt1
ISIC_0000247,40.41187060420518,int2
ISIC_0000249,26.482720862924282,tan2
ISIC_0000250,40.9202819349872,int2
ISIC_0000251,44.43947271948602,lt1
ISIC_0000252,46.411226270752984,lt1
ISIC_0000253,42.10949317880201,lt1
ISIC_0000254,44.617292366033176,lt1
ISIC_0000255,43.8601416965529,lt1
ISIC_0000256,43.62318900733436,lt1
ISIC_0000258,42.42990374868887,lt1
ISIC_0000259,44.945397745489736,lt1
ISIC_0000260,37.258142284059915,int2
ISIC_0000261,42.08506324829567,lt1
ISIC_0000262,43.03169323359244,lt1
ISIC_0000263,54.30053631776856,lt2
ISIC_0000264,55.037119037709836,very_lt
ISIC_0000265,39.94575102515203,int2
ISIC_0000268,36.96935825944733,int2
ISIC_0000269,46.53957924660596,lt1
ISIC_0000271,51.75132447171661,lt2
ISIC_0000274,46.65336186680969,lt1
ISIC_0000275,23.186048812981486,tan2
ISIC_0000276,44.34808266761793,lt1
ISIC_0000277,34.46940101088184,int1
ISIC_0000278,40.80530928942499,int2
ISIC_0000279,47.69863878743284,lt1
ISIC_0000281,-13.011500410494182,dark
ISIC_0000282,32.63138122860243,int1
ISIC_0000283,17.702790536128415,tan1
ISIC_0000287,47.15351726697453,lt1
ISIC_0000288,55.32624894048261,very_lt
ISIC_0000290,-19.741103051492846,dark
ISIC_0000292,44.56342952625693,lt1
ISIC_0000293,54.3315711128583,lt2
ISIC_0000294,47.40867698584637,lt1
ISIC_0000295,34.46429252529879,int1
ISIC_0000297,46.00313063356202,lt1
ISIC_0000298,31.302183981839704,int1
ISIC_0000299,32.24231804717049,int1
ISIC_0000300,44.09299995726962,lt1
ISIC_0000301,34.30741217474161,int1
ISIC_0000303,6.17062637682657,dark
ISIC_0000306,31.074801029425895,int1
ISIC_0000307,43.333722534314404,lt1
ISIC_0000310,38.12028681942787,int2
ISIC_0000311,42.050903958834205,lt1
ISIC_0000313,48.544796155761745,lt2
ISIC_0000314,50.703404645445126,lt2
ISIC_0000315,44.496775820369564,lt1
ISIC_0000316,50.16492824366654,lt2
ISIC_0000317,48.63803314705317,lt2
ISIC_0000319,39.263074522073666,int2
ISIC_0000320,51.34840900434162,lt2
ISIC_0000321,45.08462558260934,lt1
ISIC_0000322,34.92902071576163,int2
ISIC_0000323,47.15144262472729,lt1
ISIC_0000324,37.29916770557097,int2
ISIC_0000325,50.631117372645626,lt2
ISIC_0000326,45.96917126396409,lt1
ISIC_0000327,41.41133989111151,lt1
ISIC_0000328,51.294715183795596,lt2
ISIC_0000329,49.514166485626944,lt2
ISIC_0000330,48.95143588529561,lt2
ISIC_0000331,40.352099107978646,int2
ISIC_0000332,49.985540806781195,lt2
ISIC_0000336,37.103703664352494,int2
ISIC_0000337,46.93404825847974,lt1
ISIC_0000338,53.17963768570534,lt2
ISIC_0000339,40.48827123831313,int2
ISIC_0000340,41.7208456548566,lt1
ISIC_0000341,50.14584978188699,lt2
ISIC_0000342,46.85088420576839,lt1
ISIC_0000343,35.7770615887226,int2
ISIC_0000344,44.357589166587125,lt1
ISIC_0000345,36.867956835406844,int2
ISIC_0000346,44.5662502771669,lt1
ISIC_0000348,49.6525065636738,lt2
ISIC_0000349,43.54801730652788,lt1
ISIC_0000350,45.35394777122668,lt1
ISIC_0000351,44.6503824832241,lt1
ISIC_0000352,37.06071047310515,int2
ISIC_0000353,36.57273575624178,int2
ISIC_0000354,48.82915442439756,lt2
ISIC_0000355,54.35017568285524,lt2
ISIC_0000357,48.95181205213882,lt2
ISIC_0000358,52.098549787732665,lt2
ISIC_0000359,43.95924880422031,lt1
ISIC_0000360,32.49483017919177,int1
ISIC_0000361,42.75388878154013,lt1
ISIC_0000363,48.26404986367879,lt2
ISIC_0000364,36.847310819509445,int2
ISIC_0000365,49.75450414942052,lt2
ISIC_0000366,43.284028669833035,lt1
ISIC_0000367,49.206976983488495,lt2
ISIC_0000368,47.25190293606029,lt1
ISIC_0000370,47.74023072131137,lt1
ISIC_0000372,50.23073690390744,lt2
ISIC_0000374,55.10301403156957,very_lt
ISIC_0000376,45.688252064579736,lt1
ISIC_0000377,49.48745863489558,lt2
ISIC_0000378,38.566163664806865,int2
ISIC_0000379,40.81347724604721,int2
ISIC_0000380,43.40449613535396,lt1
ISIC_0000381,47.994233420700674,lt1
ISIC_0000382,36.65061390093812,int2
ISIC_0000383,43.203191041486896,lt1
ISIC_0000384,40.820159168333554,int2
ISIC_0000385,46.95186586245013,lt1
ISIC_0000386,44.589426841178856,lt1
ISIC_0000387,45.34810724042761,lt1
ISIC_0000388,44.49176370239516,lt1
ISIC_0000390,49.63897853616102,lt2
ISIC_0000391,40.8726907178772,int2
ISIC_0000392,37.83737502981853,int2
ISIC_0000393,42.55438202197031,lt1
ISIC_0000395,38.748823741931275,int2
ISIC_0000396,39.00356468564089,int2
ISIC_0000397,38.513742865064344,int2
ISIC_0000403,37.897605537317375,int2
ISIC_0000407,38.901896112618445,int2
ISIC_0000408,44.89044203161192,lt1
ISIC_0000409,43.69741997567085,lt1
ISIC_0000410,41.3025260432726,lt1
ISIC_0000412,46.89060308213847,lt1
ISIC_0000413,45.50282624815234,lt1
ISIC_0000415,48.07186075180077,lt2
ISIC_0000416,40.94165139134777,int2
ISIC_0000418,45.068864020654246,lt1
ISIC_0000419,46.4094348697936,lt1
ISIC_0000420,41.85787000436463,lt1
ISIC_0000421,38.85005644934184,int2
ISIC_0000423,44.19201150383696,lt1
ISIC_0000425,45.66380888326145,lt1
ISIC_0000426,54.54098387106198,lt2
ISIC_0000427,49.50943432149891,lt2
ISIC_0000431,39.0677040954952,int2
ISIC_0000433,50.05249406210682,lt2
ISIC_0000434,49.633438613107614,lt2
ISIC_0000436,42.05518543822079,lt1
ISIC_0000439,45.165830520919634,lt1
ISIC_0000442,45.64155651843698,lt1
ISIC_0000443,47.462481087591634,lt1
ISIC_0000444,40.489790669246496,int2
ISIC_0000447,46.40103520534334,lt1
ISIC_0000448,44.97468116545149,lt1
ISIC_0000449,40.55763916640007,int2
ISIC_0000451,44.12397954999222,lt1
ISIC_0000453,35.63224084110087,int2
ISIC_0000455,40.33215867679386,int2
ISIC_0000456,37.80674827101676,int2
ISIC_0000457,42.09428633594668,lt1
ISIC_0000458,45.48212442676707,lt1
ISIC_0000460,39.82617292758957,int2
ISIC_0000461,41.339025918302916,lt1
ISIC_0000463,47.80326894805466,lt1
ISIC_0000465,40.65083705989764,int2
ISIC_0000466,46.29803213732814,lt1
ISIC_0000469,39.70838380868982,int2
ISIC_0000470,47.45807632894597,lt1
ISIC_0000471,43.26201593406172,lt1
ISIC_0000473,45.43526245274242,lt1
ISIC_0000474,43.75945343340902,lt1
ISIC_0000476,47.53109001228974,lt1
ISIC_0000477,44.98579110483441,lt1
ISIC_0000479,41.97733791722056,lt1
ISIC_0000480,47.978065347108306,lt1
ISIC_0000481,38.1573716421599,int2
ISIC_0000482,46.36921795974025,lt1
ISIC_0000483,44.53400037893078,lt1
ISIC_0000484,45.895794759628814,lt1
ISIC_0000485,40.96119356540606,int2
ISIC_0000486,45.14883940718596,lt1
ISIC_0000487,45.21782537147636,lt1
ISIC_0000488,42.69196695565912,lt1
ISIC_0000489,40.33191390191071,int2
ISIC_0000490,36.05454037757322,int2
ISIC_0000491,36.806888939941025,int2
ISIC_0000492,45.67425193432761,lt1
ISIC_0000493,43.85711328375408,lt1
ISIC_0000494,42.90094036623878,lt1
ISIC_0000495,49.12299243909141,lt2
ISIC_0000496,47.09389442470674,lt1
ISIC_0000498,44.15845287192335,lt1
ISIC_0000499,47.79918658070323,lt1
ISIC_0000500,43.96968348173969,lt1
ISIC_0000501,39.509628447824085,int2
ISIC_0000503,42.45313568470477,lt1
ISIC_0000504,42.56427553834296,lt1
ISIC_0000505,43.399447866539695,lt1
ISIC_0000506,46.1965473866168,lt1
ISIC_0000507,44.38909467467342,lt1
ISIC_0000508,51.511691213871195,lt2
ISIC_0000509,45.74501884720336,lt1
ISIC_0000510,48.13650006367461,lt2
ISIC_0000511,44.414275947083524,lt1
ISIC_0000513,48.03291770398039,lt2
ISIC_0000514,47.11210299483572,lt1
ISIC_0000515,44.26595538554685,lt1
ISIC_0000517,37.711499639352425,int2
ISIC_0000518,38.48628358264028,int2
ISIC_0000519,42.10239471115157,lt1
ISIC_0000520,42.80910046177186,lt1
ISIC_0000521,47.65782041603401,lt1
ISIC_0000522,44.39918399171804,lt1
ISIC_0000523,38.17112962986053,int2
ISIC_0000524,49.41750271113301,lt2
ISIC_0000525,44.682798896361895,lt1
ISIC_0000527,45.419606982035155,lt1
ISIC_0000528,40.66174572718994,int2
ISIC_0000529,45.558238710923064,lt1
ISIC_0000530,42.924717989842115,lt1
ISIC_0000531,39.65669753998519,int2
ISIC_0000532,45.83480086993061,lt1
ISIC_0000533,41.55879834529972,lt1
ISIC_0000534,47.820502713875484,lt1
ISIC_0000535,48.279962291431566,lt2
ISIC_0000536,44.90583214810152,lt1
ISIC_0000537,38.78878123258514,int2
ISIC_0000538,46.16078703332518,lt1
ISIC_0000539,52.40338391241728,lt2
ISIC_0000540,41.5882025285991,lt1
ISIC_0000541,40.33690366370461,int2
ISIC_0000542,45.374127945024874,lt1
ISIC_0000543,42.95675587662445,lt1
ISIC_0000544,40.46523127424803,int2
ISIC_0000545,42.54482739336466,lt1
ISIC_0000546,47.50579855003703,lt1
ISIC_0000547,47.089118969999504,lt1
ISIC_0000548,45.26835637620468,lt1
ISIC_0000549,44.79480361300063,lt1
ISIC_0000550,45.65299761554568,lt1
ISIC_0000552,43.53871459001043,lt1
ISIC_0000554,51.2813532952348,lt2
ISIC_0000555,44.34245150360175,lt1
ISIC_0000556,49.523408120475366,lt2
ISIC_0000882,38.40703531710788,int2
ISIC_0000900,40.97404935171728,int2
ISIC_0000999,36.824711583370124,int2
ISIC_0001100,38.39470367434514,int2
ISIC_0001102,46.856383695779286,lt1
ISIC_0001103,41.23989471218681,lt1
ISIC_0001105,35.25729707932947,int2
ISIC_0001106,41.176382064522166,lt1
ISIC_0001118,45.8026484302119,lt1
ISIC_0001119,36.892705473535486,int2
ISIC_0001126,35.68958041479789,int2
ISIC_0001128,38.157125615541695,int2
ISIC_0001131,28.540023120985126,int1
ISIC_0001133,-11.533412286373652,dark
ISIC_0001134,34.76630648083555,int2
ISIC_0001140,53.84247833603112,lt2
ISIC_0001142,38.430842456267236,int2
ISIC_0001148,42.222834821618704,lt1
ISIC_0001152,41.67975239999421,lt1
ISIC_0001163,50.67228999506447,lt2
ISIC_0001181,43.38790645786146,lt1
ISIC_0001184,42.3073252861194,lt1
ISIC_0001185,42.12690261325427,lt1
ISIC_0001186,41.72280349043114,lt1
ISIC_0001188,42.86296961606686,lt1
ISIC_0001190,43.11884058319995,lt1
ISIC_0001191,42.44116218070481,lt1
ISIC_0001204,43.702978768241756,lt1
ISIC_0001212,42.32029957328973,lt1
ISIC_0001213,41.27564551405975,lt1
ISIC_0001216,43.07518640247843,lt1
ISIC_0001242,16.12421472714825,tan1
ISIC_0001247,37.2397439742772,int2
ISIC_0001254,37.883734606590444,int2
ISIC_0001262,36.26232510381223,int2
ISIC_0001267,36.70631916684128,int2
ISIC_0001275,38.73980324041151,int2
ISIC_0001286,36.9853326500743,int2
ISIC_0001292,36.14880393447148,int2
ISIC_0001296,41.88974837678958,lt1
ISIC_0001299,41.72203311145925,lt1
ISIC_0001306,40.10519121833073,int2
ISIC_0001367,41.37860961294506,lt1
ISIC_0001372,40.544372028029535,int2
ISIC_0001374,36.48821164476447,int2
ISIC_0001385,39.85482019558794,int2
ISIC_0001423,41.732905995131084,lt1
ISIC_0001427,42.51726888243882,lt1
ISIC_0001442,39.255985423202844,int2
ISIC_0001449,39.69425732378456,int2
ISIC_0001769,38.7715543686239,int2
ISIC_0001852,35.76661304439933,int2
ISIC_0001871,41.899515808146035,lt1
ISIC_0001960,35.94658014917193,int2
ISIC_0002093,31.925718109801476,int1
ISIC_0002107,42.236863229730545,lt1
ISIC_0002206,38.62978468000548,int2
ISIC_0002246,31.65640587804666,int1
ISIC_0002251,37.068556226066015,int2
ISIC_0002287,41.210087532115665,lt1
ISIC_0002353,41.40363546610496,lt1
ISIC_0002374,38.97105147070108,int2
ISIC_0002438,40.68926404191392,int2
ISIC_0002439,40.71527793453129,int2
ISIC_0002453,47.16958443429464,lt1
ISIC_0002459,41.75091909191045,lt1
ISIC_0002469,40.21122616885984,int2
ISIC_0002476,41.42201118004965,lt1
ISIC_0002488,40.25064081521474,int2
ISIC_0002489,41.71394929768275,lt1
ISIC_0002616,42.76372628000072,lt1
ISIC_0002647,41.60463490523434,lt1
ISIC_0002673,42.77781806876067,lt1
ISIC_0002780,44.20619597134723,lt1
ISIC_0002806,43.31948096664588,lt1
ISIC_0002829,34.475322011656814,int1
ISIC_0002836,42.0452023123945,lt1
ISIC_0002871,41.43235893514282,lt1
ISIC_0002879,49.19672946910189,lt2
ISIC_0002885,43.621334828441356,lt1
ISIC_0002948,51.300188007902086,lt2
ISIC_0002975,43.58793748857534,lt1
ISIC_0002976,45.300014234853855,lt1
ISIC_0003005,46.053614207816494,lt1
ISIC_0003056,39.19289513263493,int2
ISIC_0003174,34.112000057204526,int1
ISIC_0003308,33.58979841138449,int1
ISIC_0003346,36.680545304171815,int2
ISIC_0003462,41.0378080241146,lt1
ISIC_0003539,36.2191395877444,int2
ISIC_0003559,34.002160828752075,int1
ISIC_0003582,37.05952779613307,int2
ISIC_0003657,37.41142405951604,int2
ISIC_0003728,11.637647717036524,tan1
ISIC_0003805,39.543517136505656,int2
ISIC_0004110,43.2329834076612,lt1
ISIC_0004115,37.17740134931566,int2
ISIC_0004168,45.59062924778382,lt1
ISIC_0004309,44.265722682816524,lt1
ISIC_0004337,34.074312312156614,int1
ISIC_0004346,42.95633125330898,lt1
ISIC_0004715,47.59557139694039,lt1
ISIC_0004985,41.98737332316395,lt1
ISIC_0005000,37.41811611650633,int2
ISIC_0005187,41.027848098517914,lt1
ISIC_0005247,35.88457653108004,int2
ISIC_0005548,35.42507420581333,int2
ISIC_0005555,39.81071750589463,int2
ISIC_0005620,39.36579235626158,int2
ISIC_0005639,35.756264780112495,int2
ISIC_0005666,34.30188658755816,int1
ISIC_0005787,40.497302901272626,int2
ISIC_0006021,38.58191130570793,int2
ISIC_0006114,45.5676833064069,lt1
ISIC_0006193,34.95152146712881,int2
ISIC_0006350,38.65702671549984,int2
ISIC_0006612,40.62885601874227,int2
ISIC_0006651,38.145115100950484,int2
ISIC_0006671,39.27695799959868,int2
ISIC_0006711,41.20686222322785,lt1
ISIC_0006776,38.93373711582521,int2
ISIC_0006795,37.873665381513106,int2
ISIC_0006800,37.53865325816649,int2
ISIC_0006815,41.352862722557234,lt1
ISIC_0006914,40.37194175309365,int2
ISIC_0006940,39.666632430007134,int2
ISIC_0006982,38.488837980486295,int2
ISIC_0007038,36.45743340612861,int2
ISIC_0007087,38.254344030867436,int2
ISIC_0007141,39.833990303348045,int2
ISIC_0007156,45.32939433596803,lt1
ISIC_0007241,42.08841194751699,lt1
ISIC_0007322,41.24301392168264,lt1
ISIC_0007332,45.06739011164149,lt1
ISIC_0007344,35.97670887954035,int2
ISIC_0007475,34.338017646543406,int1
ISIC_0007528,37.587996670358585,int2
ISIC_0007557,39.01962186687463,int2
ISIC_0007693,43.560702817020164,lt1
ISIC_0007760,36.96871795592276,int2
ISIC_0007788,30.44208666398554,int1
ISIC_0007796,41.11279493322319,lt1
ISIC_0008029,39.87937169817433,int2
ISIC_0008116,40.14834084424644,int2
ISIC_0008145,41.16135620159178,lt1
ISIC_0008207,36.2361430436764,int2
ISIC_0008236,39.026173007580496,int2
ISIC_0008256,39.719054217801045,int2
ISIC_0008280,38.72151498023741,int2
ISIC_0008294,38.55858396901841,int2
ISIC_0008347,43.75334743935286,lt1
ISIC_0008396,42.251075314411075,lt1
ISIC_0008403,39.804445719852126,int2
ISIC_0008406,43.715757168620165,lt1
ISIC_0008507,42.98009313739457,lt1
ISIC_0008524,39.21567945393005,int2
ISIC_0008528,43.45878323599765,lt1
ISIC_0008541,41.654982832797444,lt1
ISIC_0008552,42.97636684231266,lt1
ISIC_0008600,42.32026025925191,lt1
ISIC_0008626,44.38236806617164,lt1
ISIC_0008659,46.45968470902836,lt1
ISIC_0008785,42.44408191770292,lt1
ISIC_0008807,42.677179067585584,lt1
ISIC_0008879,41.26740529504017,lt1
ISIC_0008913,41.67175370537384,lt1
ISIC_0008992,41.41797139784036,lt1
ISIC_0008993,42.29329764777454,lt1
ISIC_0008998,43.41198451337235,lt1
ISIC_0009035,39.31805354810684,int2
ISIC_0009078,41.64394277829234,lt1
ISIC_0009083,39.326068954334744,int2
ISIC_0009160,41.10101563368371,lt1
ISIC_0009165,40.924270011353045,int2
ISIC_0009188,41.49357318613222,lt1
ISIC_0009201,42.082327013069396,lt1
ISIC_0009252,49.41584634815644,lt2
ISIC_0009297,41.55858515807877,lt1
ISIC_0009298,39.36106935957614,int2
ISIC_0009344,42.629150531033225,lt1
ISIC_0009430,35.069079780554944,int2
ISIC_0009504,40.599458619399805,int2
ISIC_0009533,41.51914671172451,lt1
ISIC_0009564,40.9258359385406,int2
ISIC_0009583,44.622999526806716,lt1
ISIC_0009599,42.674791539021825,lt1
ISIC_0009758,39.22437006362902,int2
ISIC_0009800,39.47166055013826,int2
ISIC_0009860,43.32542938621469,lt1
ISIC_0009868,42.14606413424123,lt1
ISIC_0009869,36.97087858659982,int2
ISIC_0009873,42.86759121883055,lt1
ISIC_0009874,52.43223537170358,lt2
ISIC_0009875,46.3047995809425,lt1
ISIC_0009877,55.134407578464966,very_lt
ISIC_0009879,43.672188302307816,lt1
ISIC_0009880,54.411923979572464,lt2
ISIC_0009881,46.884073854005266,lt1
ISIC_0009883,47.88391061912072,lt1
ISIC_0009884,39.16616116482038,int2
ISIC_0009885,47.10145460050355,lt1
ISIC_0009888,46.62396995997321,lt1
ISIC_0009889,46.32173777840248,lt1
ISIC_0009891,41.0968519669648,lt1
ISIC_0009895,51.09189171037523,lt2
ISIC_0009896,52.333997921768,lt2
ISIC_0009897,50.03055809617075,lt2
ISIC_0009898,53.22839812292466,lt2
ISIC_0009899,37.07083068035641,int2
ISIC_0009901,49.23438801106766,lt2
ISIC_0009902,48.16223772655723,lt2
ISIC_0009904,42.43954163810109,lt1
ISIC_0009906,42.9960951187789,lt1
ISIC_0009909,31.102540919203232,int1
ISIC_0009910,52.202061012251434,lt2
ISIC_0009914,48.82000097153854,lt2
ISIC_0009915,53.476713743279205,lt2
ISIC_0009917,39.779997403707206,int2
ISIC_0009918,35.463512566551486,int2
ISIC_0009919,52.67193874830154,lt2
ISIC_0009920,52.365590958081995,lt2
ISIC_0009921,54.216227773997645,lt2
ISIC_0009923,50.968379785294566,lt2
ISIC_0009925,48.04915743392198,lt2
ISIC_0009927,45.95935953289055,lt1
ISIC_0009928,55.343626323145735,very_lt
ISIC_0009929,46.533577156771585,lt1
ISIC_0009930,45.74922269363373,lt1
ISIC_0009931,46.263664354482316,lt1
ISIC_0009932,45.888581240396526,lt1
ISIC_0009933,53.921173103761184,lt2
ISIC_0009934,53.56173800947492,lt2
ISIC_0009935,40.04739256011865,int2
ISIC_0009936,41.1846037931165,lt1
ISIC_0009937,41.07479453504888,lt1
ISIC_0009938,41.62150339349814,lt1
ISIC_0009939,39.92892897195922,int2
ISIC_0009940,46.40185772566924,lt1
ISIC_0009941,45.200599116807055,lt1
ISIC_0009942,35.16993958949281,int2
ISIC_0009943,45.93336485779442,lt1
ISIC_0009944,37.9686517150837,int2
ISIC_0009945,36.10736982146864,int2
ISIC_0009946,45.45262371624855,lt1
ISIC_0009947,40.67664674489541,int2
ISIC_0009948,45.226111031214344,lt1
ISIC_0009949,53.658752361054546,lt2
ISIC_0009950,43.41644719670745,lt1
ISIC_0009951,40.84599404488374,int2
ISIC_0009953,49.54306102910367,lt2
ISIC_0009954,52.24774915500614,lt2
ISIC_0009955,52.09109793798758,lt2
ISIC_0009956,48.38295936546231,lt2
ISIC_0009958,48.43382168609314,lt2
ISIC_0009960,51.935005827033194,lt2
ISIC_0009961,50.100830369834874,lt2
ISIC_0009962,54.00824072718998,lt2
ISIC_0009964,46.417525038417274,lt1
ISIC_0009965,42.08029533060396,lt1
ISIC_0009966,46.40846775659135,lt1
ISIC_0009967,44.368271652221615,lt1
ISIC_0009969,48.02033463525394,lt2
ISIC_0009970,53.198101243024325,lt2
ISIC_0009971,44.7038048738676,lt1
ISIC_0009972,47.24982885707363,lt1
ISIC_0009973,49.91463103739388,lt2
ISIC_0009974,49.35810691745194,lt2
ISIC_0009975,39.91015860294468,int2
ISIC_0009976,49.69441909174012,lt2
ISIC_0009977,40.84802459988773,int2
ISIC_0009978,40.030323789533846,int2
ISIC_0009979,52.89584278554711,lt2
ISIC_0009980,55.35656962695484,very_lt
ISIC_0009981,41.93377774009961,lt1
ISIC_0009982,40.267640756924,int2
ISIC_0009987,50.77947873321309,lt2
ISIC_0009988,47.54223821290859,lt1
ISIC_0009990,54.1224905051825,lt2
ISIC_0009991,47.769937327694265,lt1
ISIC_0009992,46.122896848206565,lt1
ISIC_0009993,52.67965349347425,lt2
ISIC_0009994,45.74109369491627,lt1
ISIC_0009995,45.90483819480614,lt1
ISIC_0009998,54.08255250149216,lt2
ISIC_0010000,42.542015577989986,lt1
ISIC_0010002,37.69423284972225,int2
ISIC_0010003,47.88099879931282,lt1
ISIC_0010005,53.9015743864115,lt2
ISIC_0010006,44.862833043556584,lt1
ISIC_0010009,44.14665909459635,lt1
ISIC_0010010,42.814654869516076,lt1
ISIC_0010011,46.88755493341831,lt1
ISIC_0010013,51.757546092941055,lt2
ISIC_0010014,53.87815157134485,lt2
ISIC_0010015,41.49970984188098,lt1
ISIC_0010016,45.348671321471535,lt1
ISIC_0010017,48.480011951982064,lt2
ISIC_0010018,49.78433253577848,lt2
ISIC_0010019,45.85049653914689,lt1
ISIC_0010020,46.03466863727342,lt1
ISIC_0010021,54.20979536542731,lt2
ISIC_0010022,48.363419595341824,lt2
ISIC_0010023,46.34606486240128,lt1
ISIC_0010024,46.07787998612448,lt1
ISIC_0010025,48.20317678521641,lt2
ISIC_0010028,47.835907275110664,lt1
ISIC_0010029,52.90966902589348,lt2
ISIC_0010032,42.13365740279874,lt1
ISIC_0010034,41.33211723601434,lt1
ISIC_0010036,41.07835280249013,lt1
ISIC_0010037,43.04325952697587,lt1
ISIC_0010038,49.83505367129492,lt2
ISIC_0010041,45.01431240673256,lt1
ISIC_0010042,45.68896300353356,lt1
ISIC_0010043,51.374611139865664,lt2
ISIC_0010044,39.76801233165236,int2
ISIC_0010046,36.19284470301824,int2
ISIC_0010047,42.119548495645496,lt1
ISIC_0010053,47.16399549876873,lt1
ISIC_0010054,46.43936699329434,lt1
ISIC_0010055,47.60055773718028,lt1
ISIC_0010056,44.02781684349434,lt1
ISIC_0010057,41.50036187040946,lt1
ISIC_0010058,42.861155085193474,lt1
ISIC_0010059,35.413718602462374,int2
ISIC_0010060,34.698517023305286,int2
ISIC_0010061,51.43217858070461,lt2
ISIC_0010062,46.71388001820546,lt1
ISIC_0010063,55.28921623955014,very_lt
ISIC_0010064,47.82786172816882,lt1
ISIC_0010066,45.6478437028569,lt1
ISIC_0010067,51.159370423849595,lt2
ISIC_0010069,47.05928512278782,lt1
ISIC_0010070,55.31500748126273,very_lt
ISIC_0010071,51.96783632296566,lt2
ISIC_0010073,41.82461553525654,lt1
ISIC_0010074,45.323719658984544,lt1
ISIC_0010075,45.02956326002619,lt1
ISIC_0010077,41.21110928483813,lt1
ISIC_0010078,45.665250769414605,lt1
ISIC_0010081,33.0940039598676,int1
ISIC_0010086,48.88964201922448,lt2
ISIC_0010088,50.813046100639205,lt2
ISIC_0010089,41.965007935017915,lt1
ISIC_0010090,47.733538578863566,lt1
ISIC_0010092,44.74365220483583,lt1
ISIC_0010093,45.76623321177279,lt1
ISIC_0010094,50.49594803159556,lt2
ISIC_0010100,55.14124017645778,very_lt
ISIC_0010102,48.858155700784266,lt2
ISIC_0010104,50.78805633164476,lt2
ISIC_0010105,51.81161894667937,lt2
ISIC_0010168,49.438666568355536,lt2
ISIC_0010169,50.97401172339892,lt2
ISIC_0010171,41.75072623678374,lt1
ISIC_0010173,41.843694127336384,lt1
ISIC_0010174,39.40922037598334,int2
ISIC_0010175,50.41181833222253,lt2
ISIC_0010176,49.07384401990429,lt2
ISIC_0010177,53.43848287476919,lt2
ISIC_0010178,48.08844053451416,lt2
ISIC_0010180,41.11220131767603,lt1
ISIC_0010182,47.12316554879647,lt1
ISIC_0010183,42.903836294088045,lt1
ISIC_0010184,46.1806294880879,lt1
ISIC_0010185,39.14201312782812,int2
ISIC_0010186,46.61365812203597,lt1
ISIC_0010187,48.3969415869883,lt2
ISIC_0010189,42.19068151125233,lt1
ISIC_0010190,50.902148979456335,lt2
ISIC_0010191,45.261859996055776,lt1
ISIC_0010192,45.97382755479523,lt1
ISIC_0010194,38.693341833519945,int2
ISIC_0010201,48.147253854042425,lt2
ISIC_0010202,48.69079120991675,lt2
ISIC_0010204,52.78974721864601,lt2
ISIC_0010205,54.940959327958154,lt2
ISIC_0010206,53.69808082791375,lt2
ISIC_0010207,37.2475871741505,int2
ISIC_0010212,47.15179711725011,lt1
ISIC_0010213,51.34321463515874,lt2
ISIC_0010215,42.839023853747904,lt1
ISIC_0010216,45.85186889325406,lt1
ISIC_0010219,40.33663072306577,int2
ISIC_0010220,48.22627887059298,lt2
ISIC_0010222,46.70200505315333,lt1
ISIC_0010225,38.02817323790178,int2
ISIC_0010226,47.25970358613525,lt1
ISIC_0010227,45.790675527678864,lt1
ISIC_0010228,42.72589209493031,lt1
ISIC_0010229,48.42396002040963,lt2
ISIC_0010231,50.44812038374167,lt2
ISIC_0010232,42.29493696992106,lt1
ISIC_0010233,40.3087865712156,int2
ISIC_0010234,50.293238057507835,lt2
ISIC_0010235,39.74913063977107,int2
ISIC_0010236,42.80958237334332,lt1
ISIC_0010237,42.532499169564275,lt1
ISIC_0010238,40.60600631420647,int2
ISIC_0010239,52.62989600007876,lt2
ISIC_0010240,36.10974445285761,int2
ISIC_0010241,45.37591238581399,lt1
ISIC_0010244,45.57904440804056,lt1
ISIC_0010247,54.230893596135274,lt2
ISIC_0010248,42.11979163233198,lt1
ISIC_0010249,49.62076942709986,lt2
ISIC_0010251,44.46026614707868,lt1
ISIC_0010252,52.47532830825045,lt2
ISIC_0010255,40.84635532396984,int2
ISIC_0010256,39.72674508848773,int2
ISIC_0010257,39.76240408781312,int2
ISIC_0010262,48.03722800468443,lt2
ISIC_0010263,44.69774568288752,lt1
ISIC_0010264,45.16720017892861,lt1
ISIC_0010265,41.13937907283249,lt1
ISIC_0010267,47.73480548071119,lt1
ISIC_0010317,34.88582351032325,int2
ISIC_0010318,41.7934591044768,lt1
ISIC_0010319,43.48414921102339,lt1
ISIC_0010320,35.363204274425605,int2
ISIC_0010321,44.86868845764137,lt1
ISIC_0010322,46.8922342249837,lt1
ISIC_0010323,43.07833979704615,lt1
ISIC_0010326,44.25141219231216,lt1
ISIC_0010327,44.72768998326782,lt1
ISIC_0010329,50.789824873507094,lt2
ISIC_0010330,37.01688233584445,int2
ISIC_0010332,42.75651099530353,lt1
ISIC_0010333,49.60071398384406,lt2
ISIC_0010334,50.40548278294181,lt2
ISIC_0010335,50.56157956425494,lt2
ISIC_0010336,53.61684614842102,lt2
ISIC_0010337,50.23557061351757,lt2
ISIC_0010339,54.83965328354666,lt2
ISIC_0010340,43.451175049266126,lt1
ISIC_0010341,51.18405948272949,lt2
ISIC_0010342,54.535857915383296,lt2
ISIC_0010344,53.00047451176783,lt2
ISIC_0010346,48.47362911645977,lt2
ISIC_0010347,46.13826942884334,lt1
ISIC_0010348,41.506745916574495,lt1
ISIC_0010349,44.06219233056277,lt1
ISIC_0010350,45.26642877785699,lt1
ISIC_0010351,33.55846450915638,int1
ISIC_0010356,36.96876491608759,int2
ISIC_0010357,38.40242061355575,int2
ISIC_0010358,46.225096902178734,lt1
ISIC_0010360,45.71187101995454,lt1
ISIC_0010361,41.90009422514146,lt1
ISIC_0010362,51.12128145328609,lt2
ISIC_0010364,42.90345748426972,lt1
ISIC_0010365,49.20757256342753,lt2
ISIC_0010367,50.92064150303615,lt2
ISIC_0010368,43.84984344035573,lt1
ISIC_0010370,45.92694706152323,lt1
ISIC_0010372,35.66731452378473,int2
ISIC_0010374,52.393738722125384,lt2
ISIC_0010379,31.43690338729598,int1
ISIC_0010380,41.20467544971931,lt1
ISIC_0010382,51.572175435074435,lt2
ISIC_0010435,39.07908421449561,int2
ISIC_0010439,50.22739609763022,lt2
ISIC_0010441,34.236717250891346,int1
ISIC_0010442,49.82304274165768,lt2
ISIC_0010443,49.382273591065264,lt2
ISIC_0010444,40.0752360725668,int2
ISIC_0010445,39.058907587626244,int2
ISIC_0010447,44.13529036838439,lt1
ISIC_0010448,39.28467314322389,int2
ISIC_0010449,48.082081893549734,lt2
ISIC_0010452,54.36269962397317,lt2
ISIC_0010455,54.68687449832204,lt2
ISIC_0010456,42.99936485042048,lt1
ISIC_0010457,46.581632796215835,lt1
ISIC_0010458,38.966475123517654,int2
ISIC_0010459,48.97914344921794,lt2
ISIC_0010461,47.70316514892321,lt1
ISIC_0010462,40.951868001807576,int2
ISIC_0010463,49.53234704002762,lt2
ISIC_0010465,52.54308157512486,lt2
ISIC_0010466,41.44463804680614,lt1
ISIC_0010467,43.15674470320054,lt1
ISIC_0010468,43.18894640259108,lt1
ISIC_0010472,43.62716828934541,lt1
ISIC_0010473,44.013462078961844,lt1
ISIC_0010474,46.74102737967943,lt1
ISIC_0010475,43.8474595879131,lt1
ISIC_0010476,38.982609135820766,int2
ISIC_0010477,47.191078538793086,lt1
ISIC_0010479,44.000105649895325,lt1
ISIC_0010480,53.41541222591366,lt2
ISIC_0010481,47.649356377714184,lt1
ISIC_0010483,50.239498664732224,lt2
ISIC_0010487,53.491708677468715,lt2
ISIC_0010488,45.20435724944625,lt1
ISIC_0010490,46.27855190910369,lt1
ISIC_0010492,48.178690811545806,lt2
ISIC_0010493,47.518404591459955,lt1
ISIC_0010494,47.96247259400929,lt1
ISIC_0010496,48.19607121659574,lt2
ISIC_0010497,43.384981186816745,lt1
ISIC_0010498,45.60231709955801,lt1
ISIC_0010552,44.49741810068876,lt1
ISIC_0010553,42.699107810233706,lt1
ISIC_0010554,52.90174074023576,lt2
ISIC_0010557,40.69789835502438,int2
ISIC_0010558,46.624290590404165,lt1
ISIC_0010562,48.0005830303849,lt2
ISIC_0010565,40.51221123164574,int2
ISIC_0010566,50.18766307937773,lt2
ISIC_0010567,48.57908650945107,lt2
ISIC_0010568,45.52521610066546,lt1
ISIC_0010569,42.713963329559654,lt1
ISIC_0010570,50.19873288193134,lt2
ISIC_0010571,51.67806853428178,lt2
ISIC_0010572,54.16500455096648,lt2
ISIC_0010573,44.104483803172855,lt1
ISIC_0010574,39.99113244003561,int2
ISIC_0010576,43.56576098234019,lt1
ISIC_0010581,36.197803867183225,int2
ISIC_0010584,36.858124109428886,int2
ISIC_0010585,39.62307297791164,int2
ISIC_0010587,49.259947386115236,lt2
ISIC_0010588,52.231457323571064,lt2
ISIC_0010589,46.60338975381873,lt1
ISIC_0010590,46.295288199525004,lt1
ISIC_0010591,39.23564346487821,int2
ISIC_0010592,48.770928659035135,lt2
ISIC_0010593,49.382314890666635,lt2
ISIC_0010595,53.91067590751336,lt2
ISIC_0010596,44.23684309655755,lt1
ISIC_0010597,48.49222914889086,lt2
ISIC_0010598,48.991289620691056,lt2
ISIC_0010599,44.85468181313088,lt1
ISIC_0010602,39.975407362523605,int2
ISIC_0010603,54.152738991359726,lt2
ISIC_0010604,53.98983415630608,lt2
ISIC_0010605,52.4432514837432,lt2
ISIC_0010606,54.60599504376142,lt2
ISIC_0010607,42.15381465168092,lt1
ISIC_0010844,42.323114992779786,lt1
ISIC_0010846,34.638405099081616,int2
ISIC_0010847,43.35110686189539,lt1
ISIC_0010848,43.679565076694715,lt1
ISIC_0010849,33.47842423814554,int1
ISIC_0010850,44.293351926476205,lt1
ISIC_0010851,53.9393541386676,lt2
ISIC_0010852,44.189668496194855,lt1
ISIC_0010853,49.22606040305236,lt2
ISIC_0010854,36.80385218098385,int2
ISIC_0010856,51.98500365271077,lt2
ISIC_0010857,38.357769647328645,int2
ISIC_0010858,39.541489239854656,int2
ISIC_0010860,46.5034475020566,lt1
ISIC_0010861,32.11297385821777,int1
ISIC_0010862,47.99547174158569,lt1
ISIC_0010863,45.59666109472475,lt1
ISIC_0010864,50.49206944914645,lt2
ISIC_0011079,55.430932858998325,very_lt
ISIC_0011081,34.56288206234639,int2
ISIC_0011082,41.82637285919007,lt1
ISIC_0011083,45.75010562717908,lt1
ISIC_0011084,34.85887420518926,int2
ISIC_0011085,44.87655968089086,lt1
ISIC_0011088,34.26377871307877,int1
ISIC_0011089,47.13583005777422,lt1
ISIC_0011090,44.46490575743503,lt1
ISIC_0011092,42.54124910286319,lt1
ISIC_0011095,43.38945757037094,lt1
ISIC_0011097,47.603346966729376,lt1
ISIC_0011098,40.86160617850453,int2
ISIC_0011099,38.91140874784814,int2
ISIC_0011101,51.78037627874015,lt2
ISIC_0011102,39.18117870661633,int2
ISIC_0011104,52.495845993708315,lt2
ISIC_0011105,55.14869071681726,very_lt
ISIC_0011107,53.38238134523508,lt2
ISIC_0011109,34.33101451505433,int1
ISIC_0011110,49.54338030736817,lt2
ISIC_0011112,49.97925240515508,lt2
ISIC_0011114,41.73205094978386,lt1
ISIC_0011115,44.637966672989855,lt1
ISIC_0011117,33.24332492349895,int1
ISIC_0011118,38.98877671880348,int2
ISIC_0011119,50.536816226060445,lt2
ISIC_0011120,53.97098136267935,lt2
ISIC_0011121,55.763145684048546,very_lt
ISIC_0011123,47.17597222731776,lt1
ISIC_0011124,49.524790919024085,lt2
ISIC_0011127,51.42968603639384,lt2
ISIC_0011128,35.47557668337013,int2
ISIC_0011129,43.78372979868945,lt1
ISIC_0011130,38.4572238393221,int2
ISIC_0011131,52.12764141820931,lt2
ISIC_0011132,38.58301860343442,int2
ISIC_0011135,40.37756282638586,int2
ISIC_0011137,45.18850049972863,lt1
ISIC_0011139,38.795543275190376,int2
ISIC_0011140,39.47633525782682,int2
ISIC_0011143,50.420774995843644,lt2
ISIC_0011144,54.291392578890544,lt2
ISIC_0011146,34.92399108317414,int2
ISIC_0011149,48.99832374290292,lt2
ISIC_0011150,52.75081729954348,lt2
ISIC_0011151,51.14257315231456,lt2
ISIC_0011155,40.340570616226216,int2
ISIC_0011156,48.526023493913264,lt2
ISIC_0011157,54.04290594976676,lt2
ISIC_0011158,43.921518422355085,lt1
ISIC_0011159,47.00962987545057,lt1
ISIC_0011161,50.306924813819165,lt2
ISIC_0011162,45.91191320005549,lt1
ISIC_0011163,50.417592283131434,lt2
ISIC_0011164,45.31636382835649,lt1
ISIC_0011165,48.442611830196626,lt2
ISIC_0011166,43.316492530347155,lt1
ISIC_0011167,43.76331429509921,lt1
ISIC_0011168,43.66230035700995,lt1
ISIC_0011169,46.45764049877734,lt1
ISIC_0011170,53.6209770725454,lt2
ISIC_0011171,52.29530175938032,lt2
ISIC_0011173,39.22734869438007,int2
ISIC_0011176,49.479494100828845,lt2
ISIC_0011177,54.30811014129006,lt2
ISIC_0011199,39.663198322002636,int2
ISIC_0011202,40.13618547505773,int2
ISIC_0011203,49.160800781532686,lt2
ISIC_0011204,34.499089220622956,int1
ISIC_0011205,50.52278123937454,lt2
ISIC_0011207,40.196648063266856,int2
ISIC_0011208,39.31088637467207,int2
ISIC_0011210,42.54353500744918,lt1
ISIC_0011211,49.55290989857051,lt2
ISIC_0011212,48.5229166784238,lt2
ISIC_0011213,43.91961890713193,lt1
ISIC_0011214,42.93930649829404,lt1
ISIC_0011218,31.35639225471885,int1
ISIC_0011219,47.617810420409114,lt1
ISIC_0011220,48.61198160225768,lt2
ISIC_0011223,50.06270668851549,lt2
ISIC_0011224,47.51919371023727,lt1
ISIC_0011225,33.628201882384886,int1
ISIC_0011227,41.2496589961037,lt1
ISIC_0011228,48.53817601807226,lt2
ISIC_0011229,51.39319887880022,lt2
ISIC_0011230,51.875863768590655,lt2
ISIC_0011292,53.86176839609005,lt2
ISIC_0011294,48.543762681883,lt2
ISIC_0011295,52.60935726382918,lt2
ISIC_0011296,40.10690388783403,int2
ISIC_0011297,38.14622898023028,int2
ISIC_0011298,42.62046471456485,lt1
ISIC_0011300,53.061221497938504,lt2
ISIC_0011301,51.92763592537746,lt2
ISIC_0011303,42.81190530993193,lt1
ISIC_0011304,39.602730899387865,int2
ISIC_0011305,41.00884673174705,lt1
ISIC_0011306,38.46852114175212,int2
ISIC_0011315,44.27474566170903,lt1
ISIC_0011317,46.62684489230759,lt1
ISIC_0011322,43.16491184195864,lt1
ISIC_0011323,46.107836454297555,lt1
ISIC_0011324,35.86166536165682,int2
ISIC_0011326,37.02285685039601,int2
ISIC_0011327,53.45607237189883,lt2
ISIC_0011328,47.85137562958141,lt1
ISIC_0011329,43.9244060541768,lt1
ISIC_0011330,53.12088756214993,lt2
ISIC_0011333,53.78656770128841,lt2
ISIC_0011334,45.82114967268645,lt1
ISIC_0011336,43.94095598589524,lt1
ISIC_0011338,42.6014850933431,lt1
ISIC_0011339,54.68680383237352,lt2
ISIC_0011341,52.27749145856745,lt2
ISIC_0011343,47.896492947400205,lt1
ISIC_0011344,51.73826081030729,lt2
ISIC_0011345,38.7331305064585,int2
ISIC_0011347,50.71385841617991,lt2
ISIC_0011348,36.37340184973581,int2
ISIC_0011349,41.16006720443666,lt1
ISIC_0011352,47.5698860811173,lt1
ISIC_0011353,43.79043489814887,lt1
ISIC_0011356,45.97141507044575,lt1
ISIC_0011357,49.82176497297958,lt2
ISIC_0011358,53.07284030644185,lt2
ISIC_0011359,38.25641782907819,int2
ISIC_0011360,56.215990708375344,very_lt
ISIC_0011361,54.16139685717573,lt2
ISIC_0011362,40.86019862516155,int2
ISIC_0011363,52.19028646376108,lt2
ISIC_0011366,48.74482958368253,lt2
ISIC_0011367,49.96865226644224,lt2
ISIC_0011372,38.923120242720856,int2
ISIC_0011373,45.79272940546427,lt1
ISIC_0011374,38.74118741499203,int2
ISIC_0011378,48.31381693523217,lt2
ISIC_0011382,46.53959872684369,lt1
ISIC_0011383,51.201468314968466,lt2
ISIC_0011384,52.11098540378003,lt2
ISIC_0011385,52.906641386840256,lt2
ISIC_0011386,47.61068551300024,lt1
ISIC_0011387,42.729023733118154,lt1
ISIC_0011390,48.10618627837152,lt2
ISIC_0011393,39.752282182430804,int2
ISIC_0011397,38.83086192946861,int2
ISIC_0011398,49.22109285464554,lt2
ISIC_0011402,48.80307902789859,lt2
ISIC_0012086,33.001843021014345,int1
ISIC_0012089,31.11455467770166,int1
ISIC_0012090,29.094914678556552,int1
ISIC_0012092,32.40201611535578,int1
ISIC_0012094,29.821787295784564,int1
ISIC_0012095,46.64135678622437,lt1
ISIC_0012097,48.85452244195347,lt2
ISIC_0012099,48.424282658471,lt2
ISIC_0012102,45.668081277934334,lt1
ISIC_0012105,40.90721457799254,int2
ISIC_0012107,43.27210119859751,lt1
ISIC_0012108,40.12913943246407,int2
ISIC_0012109,44.15659605827797,lt1
ISIC_0012116,30.916337066085894,int1
ISIC_0012118,35.73825153607407,int2
ISIC_0012126,44.52819096737709,lt1
ISIC_0012127,31.597361852966834,int1
ISIC_0012134,37.959734858915496,int2
ISIC_0012135,39.47018562180757,int2
ISIC_0012136,42.82431622532639,lt1
ISIC_0012137,39.47973248274478,int2
ISIC_0012143,29.602800362759314,int1
ISIC_0012147,27.02661930078461,tan2
ISIC_0012148,45.19345269522409,lt1
ISIC_0012149,28.341637491109136,int1
ISIC_0012151,40.4087522661203,int2
ISIC_0012155,35.626451350834685,int2
ISIC_0012156,42.65064352574011,lt1
ISIC_0012159,35.08354860895578,int2
ISIC_0012160,41.19016341238695,lt1
ISIC_0012164,37.70699622065973,int2
ISIC_0012167,28.6485333339479,int1
ISIC_0012173,36.030899097931076,int2
ISIC_0012177,41.71833002242998,lt1
ISIC_0012178,42.72344919026935,lt1
ISIC_0012179,36.59023264640565,int2
ISIC_0012182,40.3800385149641,int2
ISIC_0012187,27.062944791664417,tan2
ISIC_0012191,27.317540001030192,tan2
ISIC_0012201,36.00325125067813,int2
ISIC_0012203,43.13670255245212,lt1
ISIC_0012204,32.21382352622431,int1
ISIC_0012205,44.40791620647992,lt1
ISIC_0012206,36.22829592245307,int2
ISIC_0012207,35.74441103455441,int2
ISIC_0012208,35.512600892100785,int2
ISIC_0012210,38.70110480587585,int2
ISIC_0012211,38.48917331553562,int2
ISIC_0012212,39.21367571388647,int2
ISIC_0012213,35.478348001676814,int2
ISIC_0012216,36.41556030903466,int2
ISIC_0012221,34.9718465297986,int2
ISIC_0012222,43.4527170554271,lt1
ISIC_0012223,34.19209434270296,int1
ISIC_0012224,30.849574198414487,int1
ISIC_0012227,41.28155971824646,lt1
ISIC_0012228,38.66883289020935,int2
ISIC_0012230,39.74802920315677,int2
ISIC_0012232,39.02794063135085,int2
ISIC_0012233,40.39593607799751,int2
ISIC_0012235,41.78976354087427,lt1
ISIC_0012238,35.229139936092714,int2
ISIC_0012245,30.767785922721114,int1
ISIC_0012246,37.681747358445215,int2
ISIC_0012248,34.99729292131039,int2
ISIC_0012250,39.10432466498019,int2
ISIC_0012253,42.55474161383537,lt1
ISIC_0012256,35.77556171580789,int2
ISIC_0012257,44.59103247360118,lt1
ISIC_0012258,37.86616236677628,int2
ISIC_0012259,37.21330123187923,int2
ISIC_0012260,48.42596805940638,lt2
ISIC_0012261,34.77208564498607,int2
ISIC_0012263,30.244635251495602,int1
ISIC_0012266,38.49260427970611,int2
ISIC_0012268,37.98153869804219,int2
ISIC_0012271,33.59357379225586,int1
ISIC_0012272,36.79627269627523,int2
ISIC_0012273,21.97655042721142,tan2
ISIC_0012278,43.294688914245135,lt1
ISIC_0012281,36.33455614964701,int2
ISIC_0012282,39.57120538026085,int2
ISIC_0012284,48.41965778746619,lt2
ISIC_0012285,35.51431196707294,int2
ISIC_0012288,39.26058375301696,int2
ISIC_0012290,51.49542148425005,lt2
ISIC_0012298,43.176157769057,lt1
ISIC_0012299,45.20434514076827,lt1
ISIC_0012303,34.557656082691715,int2
ISIC_0012306,37.96288734652242,int2
ISIC_0012309,41.975301046338444,lt1
ISIC_0012311,41.48041572281653,lt1
ISIC_0012313,37.47572009046894,int2
ISIC_0012314,19.986400667804514,tan2
ISIC_0012316,45.37589534566158,lt1
ISIC_0012318,43.538089908052015,lt1
ISIC_0012320,44.805177749802866,lt1
ISIC_0012323,42.72916685077571,lt1
ISIC_0012324,32.10995015950504,int1
ISIC_0012325,21.14680339229555,tan2
ISIC_0012329,32.47272778486332,int1
ISIC_0012330,33.50842053872061,int1
ISIC_0012332,48.46604364262228,lt2
ISIC_0012333,43.65137828741972,lt1
ISIC_0012334,40.64328211043174,int2
ISIC_0012335,49.87654307655757,lt2
ISIC_0012338,42.195468656658775,lt1
ISIC_0012342,34.61092832735045,int2
ISIC_0012348,46.20785808845709,lt1
ISIC_0012351,39.99647963026757,int2
ISIC_0012356,39.04467902519517,int2
ISIC_0012357,40.10642332075223,int2
ISIC_0012358,45.34680540534385,lt1
ISIC_0012360,36.98725608335873,int2
ISIC_0012363,34.459973661159594,int1
ISIC_0012369,33.6136129325207,int1
ISIC_0012372,44.87087584013815,lt1
ISIC_0012374,40.3412004646622,int2
ISIC_0012376,48.92167008227243,lt2
ISIC_0012378,47.386341576935045,lt1
ISIC_0012379,33.78398483787869,int1
ISIC_0012381,29.765688209814446,int1
ISIC_0012382,38.13283944670735,int2
ISIC_0012384,37.425495799631776,int2
ISIC_0012390,47.924070008406844,lt1
ISIC_0012391,42.849065246658476,lt1
ISIC_0012395,37.15710731011143,int2
ISIC_0012400,39.5620136959693,int2
ISIC_0012406,34.46755520808683,int1
ISIC_0012413,44.76678161692672,lt1
ISIC_0012415,36.70595098329836,int2
ISIC_0012417,39.529255743651774,int2
ISIC_0012425,31.08289306326528,int1
ISIC_0012432,26.921087424383344,tan2
ISIC_0012434,42.535454877453894,lt1
ISIC_0012435,41.832870870256315,lt1
ISIC_0012442,41.664097995794585,lt1
ISIC_0012445,43.67309897249807,lt1
ISIC_0012447,39.66764026889493,int2
ISIC_0012448,37.303833559416645,int2
ISIC_0012450,27.814060403108492,tan2
ISIC_0012453,33.916556538736735,int1
ISIC_0012455,26.894388808822868,tan2
ISIC_0012464,28.713497463895578,int1
ISIC_0012469,29.775102630760724,int1
ISIC_0012473,32.77425223950939,int1
ISIC_0012475,34.96328575094665,int2
ISIC_0012478,29.907677534454535,int1
ISIC_0012481,31.54296778178954,int1
ISIC_0012484,31.237341707752552,int1
ISIC_0012487,42.09645418130521,lt1
ISIC_0012489,37.038122154670205,int2
ISIC_0012493,35.92854074534976,int2
ISIC_0012494,31.876629965575173,int1
ISIC_0012495,31.86547308869285,int1
ISIC_0012496,35.66393949775624,int2
ISIC_0012503,37.40976996718702,int2
ISIC_0012506,31.176242148089134,int1
ISIC_0012508,35.107118054084765,int2
ISIC_0012510,36.89497628316613,int2
ISIC_0012511,36.50451194578804,int2
ISIC_0012512,29.433633842755615,int1
ISIC_0012516,31.53690390929893,int1
ISIC_0012517,28.67255524161705,int1
ISIC_0012518,41.936209324282665,lt1
ISIC_0012520,37.13551974578222,int2
ISIC_0012521,33.795347936258466,int1
ISIC_0012523,24.80434128535948,tan2
ISIC_0012526,30.097777508830994,int1
ISIC_0012529,35.05081953382833,int2
ISIC_0012538,34.8342142143231,int2
ISIC_0012539,27.07383274371074,tan2
ISIC_0012544,36.24913967688673,int2
ISIC_0012547,32.99420874455189,int1
ISIC_0012548,44.90320860992729,lt1
ISIC_0012549,34.31250443015447,int1
ISIC_0012550,31.22184459500432,int1
ISIC_0012551,32.4498526668162,int1
ISIC_0012653,41.566457856706094,lt1
ISIC_0012654,27.723515830595108,tan2
ISIC_0012655,51.31587827457096,lt2
ISIC_0012656,50.66740291494162,lt2
ISIC_0012657,43.86742183736323,lt1
ISIC_0012658,51.53816295292974,lt2
ISIC_0012659,48.54065763403589,lt2
ISIC_0012660,47.76316723121043,lt1
ISIC_0012661,38.80277906967676,int2
ISIC_0012662,48.223285486755685,lt2
ISIC_0012663,46.78350809065065,lt1
ISIC_0012664,37.933002511369054,int2
ISIC_0012665,36.473283813955724,int2
ISIC_0012666,46.86966655653649,lt1
ISIC_0012669,55.930104877005334,very_lt
ISIC_0012670,38.31710474320935,int2
ISIC_0012671,45.324004236180315,lt1
ISIC_0012672,48.35538784371327,lt2
ISIC_0012673,47.811763154098834,lt1
ISIC_0012674,48.256376956403436,lt2
ISIC_0012675,49.573097467544166,lt2
ISIC_0012676,44.789039709255555,lt1
ISIC_0012677,45.81785574257393,lt1
ISIC_0012678,40.65718622764665,int2
ISIC_0012679,41.489407178807525,lt1
ISIC_0012680,54.41479203786536,lt2
ISIC_0012681,54.07775186106639,lt2
ISIC_0012682,42.50942689099917,lt1
ISIC_0012683,42.61405926564787,lt1
ISIC_0012684,44.89187402471126,lt1
ISIC_0012685,40.969880738606264,int2
ISIC_0012690,37.6047903494234,int2
ISIC_0012693,30.562838740650918,int1
ISIC_0012697,32.38681783707928,int1
ISIC_0012699,42.4937859895312,lt1
ISIC_0012700,45.41978381114014,lt1
ISIC_0012701,39.64422652496684,int2
ISIC_0012702,38.32779194659875,int2
ISIC_0012704,42.19775691642635,lt1
ISIC_0012705,40.25896935556244,int2
ISIC_0012706,37.89673157567777,int2
ISIC_0012708,35.48604341495131,int2
ISIC_0012710,43.070838706135945,lt1
ISIC_0012711,45.275916780353164,lt1
ISIC_0012713,44.21409278448191,lt1
ISIC_0012715,39.34262831935328,int2
ISIC_0012719,30.38150781540562,int1
ISIC_0012720,35.83051781190202,int2
ISIC_0012721,45.423818101595145,lt1
ISIC_0012722,33.70571751838241,int1
ISIC_0012725,32.80782997004522,int1
ISIC_0012726,20.74608176141967,tan2
ISIC_0012735,46.140151770128774,lt1
ISIC_0012737,46.89769722644933,lt1
ISIC_0012739,32.71234823228953,int1
ISIC_0012740,31.939294416217333,int1
ISIC_0012741,47.86138052500743,lt1
ISIC_0012742,36.107454491331154,int2
ISIC_0012744,35.53120987572502,int2
ISIC_0012746,35.21054796443851,int2
ISIC_0012749,39.437259549089475,int2
ISIC_0012756,45.99313418998023,lt1
ISIC_0012758,48.04062812911922,lt2
ISIC_0012768,38.10573314058587,int2
ISIC_0012770,41.80146198015886,lt1
ISIC_0012773,37.528444088459224,int2
ISIC_0012777,35.65680647063447,int2
ISIC_0012786,43.16118901693238,lt1
ISIC_0012789,35.320526286335706,int2
ISIC_0012792,33.583517589837285,int1
ISIC_0012793,30.199422059966096,int1
ISIC_0012803,46.912833089407805,lt1
ISIC_0012804,48.1989494777732,lt2
ISIC_0012806,49.61628052522173,lt2
ISIC_0012810,49.56895345358702,lt2
ISIC_0012813,33.6562187424723,int1
ISIC_0012814,47.32148757073792,lt1
ISIC_0012823,50.45416049155729,lt2
ISIC_0012826,53.0695743675029,lt2
ISIC_0012828,53.74471053512782,lt2
ISIC_0012835,43.7516430588429,lt1
ISIC_0012836,35.47778173107548,int2
ISIC_0012837,23.887328557770196,tan2
ISIC_0012840,45.744682564738476,lt1
ISIC_0012844,45.157942917228034,lt1
ISIC_0012852,36.03510849427377,int2
ISIC_0012855,44.510209273471744,lt1
ISIC_0012856,45.2646869326139,lt1
ISIC_0012865,52.87169102178157,lt2
ISIC_0012871,49.66598610311127,lt2
ISIC_0012873,46.71395932884825,lt1
ISIC_0012876,44.740193281312905,lt1
ISIC_0012877,47.769231603083,lt1
ISIC_0012878,45.80400004802586,lt1
ISIC_0012879,41.02637216877965,lt1
ISIC_0012880,30.97240681154105,int1
ISIC_0012883,45.64586358012381,lt1
ISIC_0012884,42.977822424189824,lt1
ISIC_0012887,45.781485380331404,lt1
ISIC_0012888,48.5054056143628,lt2
ISIC_0012889,40.89164352413926,int2
ISIC_0012891,45.4638486847975,lt1
ISIC_0012897,33.27437581047555,int1
ISIC_0012898,48.63775890734665,lt2
ISIC_0012901,45.214213310023524,lt1
ISIC_0012902,34.32168615144427,int1
ISIC_0012903,50.759634404506,lt2
ISIC_0012904,51.21918838531872,lt2
ISIC_0012905,50.079421926416664,lt2
ISIC_0012907,36.2685256511021,int2
ISIC_0012911,36.616812108161604,int2
ISIC_0012930,45.73305013880492,lt1
ISIC_0012932,36.80247609297451,int2
ISIC_0012939,41.5451714328639,lt1
ISIC_0012940,42.85894656386449,lt1
ISIC_0012941,53.74661638508817,lt2
ISIC_0012944,37.29390381763683,int2
ISIC_0012945,41.328098637619206,lt1
ISIC_0012949,46.647550898491914,lt1
ISIC_0012950,38.737646973877816,int2
ISIC_0012956,38.69296508760269,int2
ISIC_0012957,53.26588087010981,lt2
ISIC_0012961,45.59597154456591,lt1
ISIC_0012965,50.48579928756431,lt2
ISIC_0012966,51.696567860255435,lt2
ISIC_0012969,33.42856373197266,int1
ISIC_0012976,51.63748162267402,lt2
ISIC_0012981,36.73182706676638,int2
ISIC_0012986,38.18325833732731,int2
ISIC_0012987,44.61727022212,lt1
ISIC_0012988,43.66481596012278,lt1
ISIC_0012989,45.81116621736723,lt1
ISIC_0012990,35.20715204692288,int2
ISIC_0012999,42.58273844386851,lt1
ISIC_0013000,50.25769460993522,lt2
ISIC_0013001,50.46940819257797,lt2
ISIC_0013007,29.041910710576374,int1
ISIC_0013010,35.74800187043512,int2
ISIC_0013012,42.060517173745104,lt1
ISIC_0013015,42.11093519701685,lt1
ISIC_0013023,44.427464005590586,lt1
ISIC_0013024,41.04343769401964,lt1
ISIC_0013025,46.15625128032699,lt1
ISIC_0013026,42.51418219437413,lt1
ISIC_0013027,51.3678588170633,lt2
ISIC_0013031,40.50377221382506,int2
ISIC_0013032,41.40395476874499,lt1
ISIC_0013034,27.967222595651098,tan2
ISIC_0013035,41.97880961789668,lt1
ISIC_0013037,44.05543785119276,lt1
ISIC_0013039,47.768347150513556,lt1
ISIC_0013044,39.13843165867794,int2
ISIC_0013045,43.65838012477349,lt1
ISIC_0013047,37.78825039599057,int2
ISIC_0013048,49.927969398969694,lt2
ISIC_0013052,47.61655668444732,lt1
ISIC_0013053,50.648753506201636,lt2
ISIC_0013054,50.202011572353626,lt2
ISIC_0013055,38.84141967801618,int2
ISIC_0013056,38.56371918961302,int2
ISIC_0013063,38.842897989819754,int2
ISIC_0013065,38.80751034121068,int2
ISIC_0013070,49.023717445523644,lt2
ISIC_0013071,45.18177085934294,lt1
ISIC_0013072,43.94191538167599,lt1
ISIC_0013073,39.481249051451904,int2
ISIC_0013075,40.81842140305783,int2
ISIC_0013079,45.4996284642108,lt1
ISIC_0013082,49.622684697297004,lt2
ISIC_0013084,34.45449104753809,int1
ISIC_0013086,44.39383120383621,lt1
ISIC_0013087,46.3741572588164,lt1
ISIC_0013089,43.24623095754718,lt1
ISIC_0013090,48.55059995158798,lt2
ISIC_0013094,31.6513796890399,int1
ISIC_0013096,40.54692060108433,int2
ISIC_0013104,40.33714007549502,int2
ISIC_0013106,44.054109635045236,lt1
ISIC_0013109,38.11756850395737,int2
ISIC_0013112,46.730841263887456,lt1
ISIC_0013114,45.41799222317766,lt1
ISIC_0013118,29.081099250404364,int1
ISIC_0013120,40.614114425129216,int2
ISIC_0013121,30.297368709395755,int1
ISIC_0013124,43.1928079740554,lt1
ISIC_0013126,47.7370058478985,lt1
ISIC_0013128,37.98740581837266,int2
ISIC_0013129,32.585821479820105,int1
ISIC_0013134,35.881283548289446,int2
ISIC_0013136,34.069874040685896,int1
ISIC_0013140,47.10703986351766,lt1
ISIC_0013141,46.58519493213039,lt1
ISIC_0013146,44.539528826294905,lt1
ISIC_0013147,33.148488580433465,int1
ISIC_0013150,43.68888153517489,lt1
ISIC_0013155,42.772882646473725,lt1
ISIC_0013159,44.07936943038636,lt1
ISIC_0013160,39.72025967836289,int2
ISIC_0013163,37.96125844699882,int2
ISIC_0013164,34.34050076064972,int1
ISIC_0013165,37.92090702263401,int2
ISIC_0013166,46.14621773396393,lt1
ISIC_0013167,42.56148476893245,lt1
ISIC_0013169,46.521426370269914,lt1
ISIC_0013170,40.41658278271634,int2
ISIC_0013172,38.795833312277225,int2
ISIC_0013173,45.374227429437546,lt1
ISIC_0013176,40.94135596276174,int2
ISIC_0013177,48.385223777961485,lt2
ISIC_0013178,34.544119512520304,int2
ISIC_0013181,40.14988574022581,int2
ISIC_0013184,45.07787771292717,lt1
ISIC_0013187,32.367540595987755,int1
ISIC_0013189,39.526706399411864,int2
ISIC_0013190,40.33858919740438,int2
ISIC_0013191,35.52530297746833,int2
ISIC_0013192,31.193449693006688,int1
ISIC_0013193,45.645657267017526,lt1
ISIC_0013196,30.14718642373039,int1
ISIC_0013197,37.23990213188776,int2
ISIC_0013198,30.454751158129483,int1
ISIC_0013200,42.44960182826444,lt1
ISIC_0013201,34.34441410595756,int1
ISIC_0013203,42.281723058993336,lt1
ISIC_0013204,34.651247683561714,int2
ISIC_0013205,35.74185765497028,int2
ISIC_0013207,29.79676860429059,int1
ISIC_0013208,33.10597634990883,int1
ISIC_0013212,41.20207334505103,lt1
ISIC_0013213,32.05809753214271,int1
ISIC_0013216,45.450814622326796,lt1
ISIC_0013217,52.10421467009989,lt2
ISIC_0013219,44.94488133552223,lt1
ISIC_0013220,39.61166275974543,int2
ISIC_0013222,34.4095376672947,int1
ISIC_0013223,47.53186712986552,lt1
ISIC_0013224,33.76048380330464,int1
ISIC_0013226,36.67226538970991,int2
ISIC_0013227,41.764708459396594,lt1
ISIC_0013229,38.910537496133195,int2
ISIC_0013230,43.7117156469449,lt1
ISIC_0013232,38.86210499678317,int2
ISIC_0013233,35.96794169195769,int2
ISIC_0013235,38.13714030547731,int2
ISIC_0013238,31.148394659507172,int1
ISIC_0013242,35.82150718009838,int2
ISIC_0013244,37.229199842318,int2
ISIC_0013248,42.72841678502047,lt1
ISIC_0013249,27.488222580431053,tan2
ISIC_0013257,41.818205092664726,lt1
ISIC_0013258,36.802003374548505,int2
ISIC_0013269,31.194458440306743,int1
ISIC_0013271,38.74085755421746,int2
ISIC_0013274,38.85680119592618,int2
ISIC_0013275,38.91133299496991,int2
ISIC_0013277,29.639240330264897,int1
ISIC_0013287,39.93596893250333,int2
ISIC_0013288,35.52990481679667,int2
ISIC_0013291,37.967300452794106,int2
ISIC_0013294,39.152957598448985,int2
ISIC_0013302,35.11982801797703,int2
ISIC_0013304,37.0516556528999,int2
ISIC_0013306,32.51165633756716,int1
ISIC_0013310,39.50972546188371,int2
ISIC_0013311,39.62189895701993,int2
ISIC_0013314,37.33205631993412,int2
ISIC_0013315,33.17859999691351,int1
ISIC_0013319,38.83150679109747,int2
ISIC_0013320,43.33769703731944,lt1
ISIC_0013321,40.87802370302818,int2
ISIC_0013325,37.96272199798244,int2
ISIC_0013326,39.1406045402567,int2
ISIC_0013329,42.62197375562672,lt1
ISIC_0013330,38.70268271053652,int2
ISIC_0013333,33.02806008747176,int1
ISIC_0013334,49.02331349296127,lt2
ISIC_0013335,35.798881092752836,int2
ISIC_0013340,33.03067447313151,int1
ISIC_0013341,37.41823501616338,int2
ISIC_0013342,39.90576257433779,int2
ISIC_0013346,33.433941133950334,int1
ISIC_0013355,42.31600367522767,lt1
ISIC_0013356,42.58896496437759,lt1
ISIC_0013359,32.28111439101834,int1
ISIC_0013360,32.50989486394299,int1
ISIC_0013364,35.63362495129446,int2
ISIC_0013365,31.246031627799862,int1
ISIC_0013369,43.22089601638031,lt1
ISIC_0013371,35.97930864720846,int2
ISIC_0013374,47.023778283905585,lt1
ISIC_0013378,45.20134911546351,lt1
ISIC_0013383,32.61786085913098,int1
ISIC_0013385,38.69872859851474,int2
ISIC_0013390,38.074997842052284,int2
ISIC_0013393,27.81171029667154,tan2
ISIC_0013394,44.72631818655249,lt1
ISIC_0013395,45.86952372649346,lt1
ISIC_0013397,33.724344346717984,int1
ISIC_0013398,33.740462473766684,int1
ISIC_0013399,39.3857576624807,int2
ISIC_0013400,28.12670335781317,int1
ISIC_0013403,33.78033455373518,int1
ISIC_0013405,38.97256708301156,int2
ISIC_0013410,38.71758339368276,int2
ISIC_0013411,23.405803534799478,tan2
ISIC_0013414,34.991845773432615,int2
ISIC_0013416,34.44204597461488,int1
ISIC_0013417,34.62997484174604,int2
ISIC_0013423,36.90755637954543,int2
ISIC_0013424,34.20703865164209,int1
ISIC_0013425,37.074466701831,int2
ISIC_0013427,41.40617825523861,lt1
ISIC_0013428,38.479571803396276,int2
ISIC_0013429,34.23058052094757,int1
ISIC_0013430,37.529126330346,int2
ISIC_0013432,38.56402947510205,int2
ISIC_0013433,37.07931773256748,int2
ISIC_0013434,35.0097316193375,int2
ISIC_0013437,34.578772245756504,int2
ISIC_0013438,38.63050364624479,int2
ISIC_0013443,42.78398082206749,lt1
ISIC_0013455,38.92916797604916,int2
ISIC_0013456,36.39319920828143,int2
ISIC_0013457,44.790536835096034,lt1
ISIC_0013458,34.21242695828639,int1
ISIC_0013459,49.65628773196254,lt2
ISIC_0013461,35.366596120414236,int2
ISIC_0013465,35.64614285450396,int2
ISIC_0013472,38.419226229790425,int2
ISIC_0013473,30.38914609107702,int1
ISIC_0013474,36.798805710925016,int2
ISIC_0013480,35.14273542873461,int2
ISIC_0013487,44.67912642261664,lt1
ISIC_0013488,43.68229322147327,lt1
ISIC_0013489,40.15706472819086,int2
ISIC_0013490,35.297222089253694,int2
ISIC_0013491,42.99051569404827,lt1
ISIC_0013492,44.85158288026008,lt1
ISIC_0013493,37.6852316767295,int2
ISIC_0013494,39.01507346466204,int2
ISIC_0013495,39.88805778500116,int2
ISIC_0013498,45.011462334973594,lt1
ISIC_0013499,42.013443455873684,lt1
ISIC_0013500,42.05678370938588,lt1
ISIC_0013501,39.68426540139312,int2
ISIC_0013511,28.159342073808713,int1
ISIC_0013512,29.099902137563454,int1
ISIC_0013516,34.694540710313724,int2
ISIC_0013517,33.59478508845089,int1
ISIC_0013518,37.56370650306175,int2
ISIC_0013523,35.073770799720755,int2
ISIC_0013525,31.955882816477278,int1
ISIC_0013526,43.49255302410917,lt1
ISIC_0013527,38.25679899190895,int2
ISIC_0013529,30.05564312947739,int1
ISIC_0013549,32.29312078338872,int1
ISIC_0013552,32.04877502272802,int1
ISIC_0013553,34.9173006300888,int2
ISIC_0013554,29.87494946910202,int1
ISIC_0013558,44.57261348777992,lt1
ISIC_0013559,45.942446553038394,lt1
ISIC_0013561,32.36850774152315,int1
ISIC_0013562,40.00663455592361,int2
ISIC_0013565,38.47454071430406,int2
ISIC_0013567,34.322686313677494,int1
ISIC_0013568,38.57738850904094,int2
ISIC_0013572,38.03103939004836,int2
ISIC_0013573,36.98768117665503,int2
ISIC_0013577,39.535878073091304,int2
ISIC_0013578,38.90694617298709,int2
ISIC_0013579,40.980162053734524,int2
ISIC_0013580,32.603345076233744,int1
ISIC_0013581,34.20480838849597,int1
ISIC_0013585,36.70236180453399,int2
ISIC_0013588,34.40551562322072,int1
ISIC_0013592,33.00865232862211,int1
ISIC_0013594,51.41240878562165,lt2
ISIC_0013595,46.90985585948963,lt1
ISIC_0013596,27.64265320138662,tan2
ISIC_0013597,33.25051593010597,int1
ISIC_0013599,49.03167113616494,lt2
ISIC_0013600,50.907844108671235,lt2
ISIC_0013601,50.291226704319726,lt2
ISIC_0013602,48.66734135929235,lt2
ISIC_0013603,44.34866981038712,lt1
ISIC_0013606,42.175791218337196,lt1
ISIC_0013610,36.53223263710812,int2
ISIC_0013615,31.27184278161023,int1
ISIC_0013617,41.936673761352644,lt1
ISIC_0013618,34.89109437611586,int2
ISIC_0013621,42.08106774082156,lt1
ISIC_0013626,47.38708979123823,lt1
ISIC_0013634,37.977168338986225,int2
ISIC_0013635,31.774823922281822,int1
ISIC_0013636,41.34891989719768,lt1
ISIC_0013637,36.887209492952024,int2
ISIC_0013639,44.3678698722565,lt1
ISIC_0013643,34.17920419553126,int1
ISIC_0013644,35.38719711269435,int2
ISIC_0013651,35.06196850009857,int2
ISIC_0013652,31.681185359650748,int1
ISIC_0013656,40.23729408355155,int2
ISIC_0013663,31.800879090815073,int1
ISIC_0013664,32.65292733360045,int1
ISIC_0013667,43.012442152032754,lt1
ISIC_0013670,39.637722555313566,int2
ISIC_0013671,35.60628921138074,int2
ISIC_0013672,33.480476635503095,int1
ISIC_0013673,41.725805227559796,lt1
ISIC_0013674,40.62587247706988,int2
ISIC_0013675,41.2389338490399,lt1
ISIC_0013676,32.26780594450563,int1
ISIC_0013678,22.278962782088044,tan2
ISIC_0013680,52.10326360419076,lt2
ISIC_0013684,30.76177318960759,int1
ISIC_0013685,36.40469521249149,int2
ISIC_0013688,40.67779983162018,int2
ISIC_0013689,24.059780421562795,tan2
ISIC_0013690,28.039847552059303,int1
ISIC_0013691,33.407359193565995,int1
ISIC_0013695,37.14161242339879,int2
ISIC_0013696,44.36820835985793,lt1
ISIC_0013702,29.66655476451747,int1
ISIC_0013708,37.985428415739975,int2
ISIC_0013709,40.4082741253521,int2
ISIC_0013712,41.51510869949237,lt1
ISIC_0013713,37.04694361900524,int2
ISIC_0013719,42.21300163784714,lt1
ISIC_0013721,46.30233757446096,lt1
ISIC_0013733,40.96578942381777,int2
ISIC_0013736,23.366141369037113,tan2
ISIC_0013737,28.101499726697917,int1
ISIC_0013738,28.36165471151648,int1
ISIC_0013739,46.61644655586197,lt1
ISIC_0013740,41.78028078524843,lt1
ISIC_0013747,34.59271842196858,int2
ISIC_0013748,34.766296710137176,int2
ISIC_0013749,33.830846762554096,int1
ISIC_0013758,44.98229447471851,lt1
ISIC_0013762,42.532125473185424,lt1
ISIC_0013765,38.68119095165322,int2
ISIC_0013766,39.330254347851614,int2
ISIC_0013767,43.53634222106404,lt1
ISIC_0013772,35.79372015707581,int2
ISIC_0013775,36.22137635784023,int2
ISIC_0013777,37.041995636047446,int2
ISIC_0013778,33.538841064055816,int1
ISIC_0013782,23.837922586376358,tan2
ISIC_0013783,33.15829819288551,int1
ISIC_0013789,46.66319830370813,lt1
ISIC_0013792,42.793382649412884,lt1
ISIC_0013793,44.48423234148493,lt1
ISIC_0013794,45.98926796405728,lt1
ISIC_0013795,42.17270098717178,lt1
ISIC_0013796,26.963055875905987,tan2
ISIC_0013797,48.02775655815326,lt2
ISIC_0013798,46.97266024189388,lt1
ISIC_0013799,34.307427399010734,int1
ISIC_0013800,35.820539988194426,int2
ISIC_0013801,34.95079464023117,int2
ISIC_0013802,30.819739833935582,int1
ISIC_0013803,44.511959807701615,lt1
ISIC_0013804,25.578150402518524,tan2
ISIC_0013805,29.289432596422884,int1
ISIC_0013806,21.293473357296378,tan2
ISIC_0013807,25.406503832827863,tan2
ISIC_0013808,32.260514566820966,int1
ISIC_0013809,36.62370448462941,int2
ISIC_0013813,31.394960875995267,int1
ISIC_0013815,43.70148072147602,lt1
ISIC_0013816,24.079090386234764,tan2
ISIC_0013817,40.90882441212376,int2
ISIC_0013819,46.40480956284528,lt1
ISIC_0013828,20.613688653775927,tan2
ISIC_0013830,39.941952311798296,int2
ISIC_0013831,34.544620147245475,int2
ISIC_0013832,46.083759176933064,lt1
ISIC_0013833,33.48413979091032,int1
ISIC_0013835,33.813200150002004,int1
ISIC_0013836,43.14685392078047,lt1
ISIC_0013837,37.72915329224754,int2
ISIC_0013839,35.730170925880465,int2
ISIC_0013840,38.18182655729929,int2
ISIC_0013842,48.63843787098183,lt2
ISIC_0013843,47.55710714810673,lt1
ISIC_0013844,34.972044289856335,int2
ISIC_0013861,34.55806826229333,int2
ISIC_0013862,33.01547732339688,int1
ISIC_0013863,37.46419776738068,int2
ISIC_0013865,37.31251893762674,int2
ISIC_0013867,40.58334467399307,int2
ISIC_0013874,39.3497686054165,int2
ISIC_0013879,27.440064413023684,tan2
ISIC_0013886,49.85768709586136,lt2
ISIC_0013888,34.75437823224251,int2
ISIC_0013891,33.246633127087875,int1
ISIC_0013896,36.13021505039435,int2
ISIC_0013897,35.36433701133886,int2
ISIC_0013898,36.656434494776455,int2
ISIC_0013908,34.3837832561048,int1
ISIC_0013910,34.11728186101042,int1
ISIC_0013911,33.312586672878275,int1
ISIC_0013917,35.1879078974863,int2
ISIC_0013918,26.77404574048094,tan2
ISIC_0013921,40.18568847658757,int2
ISIC_0013922,30.231662288021703,int1
ISIC_0013925,40.561149284525825,int2
ISIC_0013929,36.1351869738468,int2
ISIC_0013935,36.99190450278819,int2
ISIC_0013936,38.692736871347904,int2
ISIC_0013942,36.844106965770386,int2
ISIC_0013946,48.02109628481811,lt2
ISIC_0013948,41.600844538296904,lt1
ISIC_0013953,48.583058140177265,lt2
ISIC_0013958,45.83338429079652,lt1
ISIC_0013961,33.60475248252613,int1
ISIC_0013962,34.342553692316294,int1
ISIC_0013966,30.372588821561024,int1
ISIC_0013967,38.6053284416652,int2
ISIC_0013969,35.4291749202339,int2
ISIC_0013970,28.797850461470443,int1
ISIC_0013972,36.628038960966855,int2
ISIC_0013975,31.05706607056278,int1
ISIC_0013977,40.89832786161797,int2
ISIC_0013980,34.51041114777281,int2
ISIC_0013981,33.534346291312595,int1
ISIC_0013982,29.48489231478452,int1
ISIC_0013983,35.68447888048558,int2
ISIC_0013984,41.19207777714537,lt1
ISIC_0013986,35.78021268590014,int2
ISIC_0013987,41.27576528463851,lt1
ISIC_0013988,40.606272279460796,int2
ISIC_0013995,29.275976858648846,int1
ISIC_0013996,31.413595787956744,int1
ISIC_0013997,30.654864957213533,int1
ISIC_0013998,30.12735665317557,int1
ISIC_0014001,31.722167766660544,int1
ISIC_0014013,44.79752360050339,lt1
ISIC_0014026,36.81627259110347,int2
ISIC_0014027,28.112616842341502,int1
ISIC_0014028,48.11902631153587,lt2
ISIC_0014029,44.75416201019784,lt1
ISIC_0014032,29.0622309375258,int1
ISIC_0014037,19.376488787787775,tan2
ISIC_0014044,27.40443576021891,tan2
ISIC_0014046,34.74852070139443,int2
ISIC_0014049,32.37918587643,int1
ISIC_0014059,54.15658084484973,lt2
ISIC_0014062,35.526644663248184,int2
ISIC_0014066,33.35547773149532,int1
ISIC_0014069,34.26382626179977,int1
ISIC_0014072,38.67970885134876,int2
ISIC_0014073,40.96113584513136,int2
ISIC_0014076,41.85047629837645,lt1
ISIC_0014077,37.96189844146095,int2
ISIC_0014080,33.45831349321796,int1
ISIC_0014081,33.52263015605339,int1
ISIC_0014089,34.18626499004481,int1
ISIC_0014090,35.85482477587308,int2
ISIC_0014092,34.36669486443256,int1
ISIC_0014093,33.89732563703398,int1
ISIC_0014094,33.16767130896613,int1
ISIC_0014099,37.532834441493776,int2
ISIC_0014103,38.080907409362304,int2
ISIC_0014108,35.062553115736264,int2
ISIC_0014110,37.89210038383583,int2
ISIC_0014114,48.404386250492855,lt2
ISIC_0014117,33.7381158208465,int1
ISIC_0014127,33.44267002862774,int1
ISIC_0014129,34.935473018659025,int2
ISIC_0014131,36.89750549114228,int2
ISIC_0014132,35.90816273152763,int2
ISIC_0014133,33.360381314433994,int1
ISIC_0014136,34.34214609379576,int1
ISIC_0014139,37.29407544599346,int2
ISIC_0014144,37.91099237195683,int2
ISIC_0014149,28.72754488863845,int1
ISIC_0014150,35.51726199837492,int2
ISIC_0014151,36.08183817730499,int2
ISIC_0014156,36.48261480185563,int2
ISIC_0014157,44.04825626069244,lt1
ISIC_0014158,33.65138326370621,int1
ISIC_0014160,32.508024995645286,int1
ISIC_0014162,50.25216641402755,lt2
ISIC_0014163,32.7984679058775,int1
ISIC_0014164,37.504870047153645,int2
ISIC_0014166,34.136126363891826,int1
ISIC_0014169,32.44128050391915,int1
ISIC_0014171,39.18173304180805,int2
ISIC_0014173,42.2266585650657,lt1
ISIC_0014174,29.319253817641393,int1
ISIC_0014178,39.84034122984005,int2
ISIC_0014181,39.60797477318302,int2
ISIC_0014183,33.38100249970009,int1
ISIC_0014185,33.94527558626515,int1
ISIC_0014186,37.52176748340398,int2
ISIC_0014187,31.83798530585892,int1
ISIC_0014189,35.24706314074953,int2
ISIC_0014190,33.05511411524422,int1
ISIC_0014195,35.80551013447139,int2
ISIC_0014197,40.99443503827622,int2
ISIC_0014211,30.537269620100393,int1
ISIC_0014217,36.9408024084391,int2
ISIC_0014219,41.4042522196014,lt1
ISIC_0014221,37.44264440479336,int2
ISIC_0014222,31.16222628413031,int1
ISIC_0014225,40.26299243359216,int2
ISIC_0014229,32.26759020088934,int1
ISIC_0014233,35.44326719422981,int2
ISIC_0014238,36.583964504121596,int2
ISIC_0014248,33.65231196224314,int1
ISIC_0014249,33.1776252315921,int1
ISIC_0014253,32.26601677058898,int1
ISIC_0014255,39.12211534545129,int2
ISIC_0014263,41.36389070613097,lt1
ISIC_0014270,40.914635750993114,int2
ISIC_0014273,35.91604302796318,int2
ISIC_0014274,26.875046721648733,tan2
ISIC_0014284,37.88612554819162,int2
ISIC_0014286,31.280044046820063,int1
ISIC_0014288,42.0687269935949,lt1
ISIC_0014289,44.11803184614465,lt1
ISIC_0014290,35.330002476699065,int2
ISIC_0014291,37.515196084395576,int2
ISIC_0014299,28.79343439229672,int1
ISIC_0014302,32.848170292831874,int1
ISIC_0014308,42.41955264244143,lt1
ISIC_0014311,38.17481190965636,int2
ISIC_0014316,36.145488741782785,int2
ISIC_0014317,42.31513990345785,lt1
ISIC_0014324,34.29941239940077,int1
ISIC_0014325,40.39198805945463,int2
ISIC_0014327,40.38621807372775,int2
ISIC_0014328,40.22108899182515,int2
ISIC_0014331,35.30562597364737,int2
ISIC_0014336,31.616715614467438,int1
ISIC_0014337,34.48569678904967,int1
ISIC_0014346,27.245141642145118,tan2
ISIC_0014347,42.340443270566695,lt1
ISIC_0014349,33.77905836686203,int1
ISIC_0014353,26.850606511076943,tan2
ISIC_0014357,42.49597133806282,lt1
ISIC_0014360,35.079066870598695,int2
ISIC_0014361,45.51230631218749,lt1
ISIC_0014365,43.442931117302074,lt1
ISIC_0014366,36.21845446692799,int2
ISIC_0014372,43.221465422513134,lt1
ISIC_0014382,39.95826406777873,int2
ISIC_0014385,46.75708184785443,lt1
ISIC_0014386,37.294312328219505,int2
ISIC_0014392,44.22763409856631,lt1
ISIC_0014393,32.442544994851154,int1
ISIC_0014394,35.96646635064772,int2
ISIC_0014395,42.251177020936595,lt1
ISIC_0014397,42.85998854665949,lt1
ISIC_0014410,38.46995132043061,int2
ISIC_0014419,33.86017257590163,int1
ISIC_0014422,38.39561688381331,int2
ISIC_0014423,38.13825879905644,int2
ISIC_0014428,44.83543290997364,lt1
ISIC_0014430,43.87512942964765,lt1
ISIC_0014431,34.46812283056203,int1
ISIC_0014433,33.71012666568406,int1
ISIC_0014434,32.06884007049324,int1
ISIC_0014438,35.898602070221486,int2
ISIC_0014440,43.47734397023194,lt1
ISIC_0014441,33.48398371576649,int1
ISIC_0014453,37.589333458787884,int2
ISIC_0014454,43.9655564652687,lt1
ISIC_0014457,38.85250701750243,int2
ISIC_0014458,37.79954557882006,int2
ISIC_0014469,44.23087370283409,lt1
ISIC_0014470,44.892262389058445,lt1
ISIC_0014473,40.181535443801835,int2
ISIC_0014475,44.56277719351587,lt1
ISIC_0014476,40.20359077303228,int2
ISIC_0014478,33.48963768043453,int1
ISIC_0014480,33.502582218008385,int1
ISIC_0014486,35.246544904846914,int2
ISIC_0014489,50.59806357624594,lt2
ISIC_0014490,45.37652862149428,lt1
ISIC_0014498,43.06955242666742,lt1
ISIC_0014500,38.07138370930539,int2
ISIC_0014501,32.223313808972115,int1
ISIC_0014502,44.11178774922813,lt1
ISIC_0014503,37.63529092424121,int2
ISIC_0014506,36.94257202571249,int2
ISIC_0014507,34.729025234650145,int2
ISIC_0014511,42.832954498378356,lt1
ISIC_0014513,35.78952972835029,int2
ISIC_0014518,32.476481318569284,int1
ISIC_0014522,37.16801475851437,int2
ISIC_0014525,36.941046802379844,int2
ISIC_0014526,46.731476309586846,lt1
ISIC_0014527,36.96968664681085,int2
ISIC_0014529,38.49192515574709,int2
ISIC_0014535,38.107084051947105,int2
ISIC_0014537,38.312091043451254,int2
ISIC_0014541,34.69852687443406,int2
ISIC_0014542,31.00918979864532,int1
ISIC_0014543,40.014082038058184,int2
ISIC_0014545,48.07489687880337,lt2
ISIC_0014546,34.08035176861183,int1
ISIC_0014547,32.460255495253854,int1
ISIC_0014548,33.42873076732759,int1
ISIC_0014554,32.127112025956144,int1
ISIC_0014558,37.077762015670174,int2
ISIC_0014559,37.36006188533139,int2
ISIC_0014567,43.77900742933873,lt1
ISIC_0014572,41.81024732284615,lt1
ISIC_0014573,43.19386090351704,lt1
ISIC_0014574,44.12537600141289,lt1
ISIC_0014576,47.27711177311451,lt1
ISIC_0014577,44.51492579713126,lt1
ISIC_0014580,49.798088630112574,lt2
ISIC_0014581,47.40065744513821,lt1
ISIC_0014583,48.37806765345899,lt2
ISIC_0014585,43.081327119883284,lt1
ISIC_0014586,35.276502647995514,int2
ISIC_0014587,44.37290329418421,lt1
ISIC_0014596,43.01418870700863,lt1
ISIC_0014599,46.175330152912665,lt1
ISIC_0014600,45.8335010575641,lt1
ISIC_0014601,42.57693598367445,lt1
ISIC_0014603,46.706661243778,lt1
ISIC_0014605,48.09817717454376,lt2
ISIC_0014609,45.27844122413984,lt1
ISIC_0014610,43.37683778014606,lt1
ISIC_0014617,46.378893017874894,lt1
ISIC_0014619,43.056228108823134,lt1
ISIC_0014623,48.87453847434197,lt2
ISIC_0014624,45.48346274202902,lt1
ISIC_0014625,45.52920155839384,lt1
ISIC_0014628,43.53913011040394,lt1
ISIC_0014632,40.195806692146995,int2
ISIC_0014633,40.62103190185707,int2
ISIC_0014635,44.888511155888025,lt1
ISIC_0014637,46.336807873636815,lt1
ISIC_0014639,44.06602431162829,lt1
ISIC_0014640,47.262896964368196,lt1
ISIC_0014642,43.60410557461246,lt1
ISIC_0014643,43.96628215592622,lt1
ISIC_0014651,45.05168177584128,lt1
ISIC_0014652,51.5202055034503,lt2
ISIC_0014657,44.0761851103237,lt1
ISIC_0014658,51.98821402840295,lt2
ISIC_0014661,43.85820491436403,lt1
ISIC_0014663,36.92756256260725,int2
ISIC_0014664,42.861472824480934,lt1
ISIC_0014665,36.372224844076605,int2
ISIC_0014666,42.84858665893547,lt1
ISIC_0014667,42.289693520437176,lt1
ISIC_0014675,40.09980151320817,int2
ISIC_0014677,35.305055740413394,int2
ISIC_0014680,35.4746061166417,int2
ISIC_0014682,43.66188294971606,lt1
ISIC_0014683,37.557375359862895,int2
ISIC_0014684,50.40040042679926,lt2
ISIC_0014685,45.58074080304791,lt1
ISIC_0014687,47.579864074290526,lt1
ISIC_0014688,37.24054095525947,int2
ISIC_0014692,47.51258964722939,lt1
ISIC_0014693,41.419419163832536,lt1
ISIC_0014694,50.79379379121454,lt2
ISIC_0014696,48.192726081014065,lt2
ISIC_0014697,43.0508913645195,lt1
ISIC_0014698,50.95965364516308,lt2
ISIC_0014702,37.765001145026794,int2
ISIC_0014703,38.65423919491002,int2
ISIC_0014707,39.27819917744145,int2
ISIC_0014708,43.41996815533165,lt1
ISIC_0014713,43.45666653455388,lt1
ISIC_0014714,39.851392686199965,int2
ISIC_0014715,42.752817343538425,lt1
ISIC_0014716,33.36369005615465,int1
ISIC_0014720,40.324173764767686,int2
ISIC_0014722,48.47884279937032,lt2
ISIC_0014723,31.3662170032916,int1
ISIC_0014724,42.45415520696524,lt1
ISIC_0014725,46.66001671601612,lt1
ISIC_0014726,35.300783329992306,int2
ISIC_0014728,51.74375977131945,lt2
ISIC_0014729,46.589207111841574,lt1
ISIC_0014730,45.37291414735073,lt1
ISIC_0014731,36.50589271558592,int2
ISIC_0014735,50.872049392335114,lt2
ISIC_0014739,49.497138144147016,lt2
ISIC_0014740,41.01900546969426,lt1
ISIC_0014742,55.34199391579832,very_lt
ISIC_0014743,42.50039080943823,lt1
ISIC_0014745,48.24549236419356,lt2
ISIC_0014746,39.510935395214936,int2
ISIC_0014748,51.791666868187754,lt2
ISIC_0014749,48.05854382106862,lt2
ISIC_0014753,38.84966872449061,int2
ISIC_0014754,44.859369009489434,lt1
ISIC_0014755,35.1574329377457,int2
ISIC_0014760,49.90432118934939,lt2
ISIC_0014762,48.22186128232506,lt2
ISIC_0014763,46.58483695365887,lt1
ISIC_0014765,39.78804954475384,int2
ISIC_0014768,36.21029343161151,int2
ISIC_0014769,35.85961817955342,int2
ISIC_0014770,42.0540351275452,lt1
ISIC_0014771,43.86585567388872,lt1
ISIC_0014772,41.45472611266028,lt1
ISIC_0014773,39.27331505523165,int2
ISIC_0014775,47.43598978555944,lt1
ISIC_0014778,42.374471100685014,lt1
ISIC_0014779,42.77917362340263,lt1
ISIC_0014780,45.99288387920565,lt1
ISIC_0014782,43.74474450563445,lt1
ISIC_0014783,37.957327849557544,int2
ISIC_0014784,38.23426788103547,int2
ISIC_0014785,47.40804218934044,lt1
ISIC_0014786,37.68976384337698,int2
ISIC_0014787,45.74293161756242,lt1
ISIC_0014788,41.17257082201568,lt1
ISIC_0014790,18.114405673081038,tan1
ISIC_0014791,50.783008554870975,lt2
ISIC_0014792,34.73223652362117,int2
ISIC_0014794,38.08819428759193,int2
ISIC_0014795,36.89555123852294,int2
ISIC_0014796,36.28249782239358,int2
ISIC_0014797,38.89228585077215,int2
ISIC_0014798,44.2341950241414,lt1
ISIC_0014800,41.20665856926635,lt1
ISIC_0014802,46.70489101115159,lt1
ISIC_0014803,44.59733530237652,lt1
ISIC_0014804,41.09129511202165,lt1
ISIC_0014805,44.02214356035782,lt1
ISIC_0014806,41.650229310987356,lt1
ISIC_0014807,50.9506727072124,lt2
ISIC_0014808,50.39283174490163,lt2
ISIC_0014809,40.97842819820825,int2
ISIC_0014812,46.743065274682664,lt1
ISIC_0014814,46.07957061398521,lt1
ISIC_0014815,41.080149487210704,lt1
ISIC_0014818,39.88676656123326,int2
ISIC_0014820,47.374889860086355,lt1
ISIC_0014821,38.70630293951776,int2
ISIC_0014823,38.35866758075508,int2
ISIC_0014825,51.209517292311396,lt2
ISIC_0014826,56.23335701288767,very_lt
ISIC_0014829,38.92176056101698,int2
ISIC_0014830,39.79273448310803,int2
ISIC_0014831,38.68797397266199,int2
ISIC_0014832,39.931817417190864,int2
ISIC_0014833,39.08205441344269,int2
ISIC_0014834,33.38315609917998,int1
ISIC_0014835,43.0547396726994,lt1
ISIC_0014836,54.306899754170445,lt2
ISIC_0014838,45.81025894564008,lt1
ISIC_0014839,36.25641403628325,int2
ISIC_0014843,39.15356244869257,int2
ISIC_0014844,36.94816266280806,int2
ISIC_0014845,50.97254839097993,lt2
ISIC_0014846,52.06371562979663,lt2
ISIC_0014848,52.26513925545578,lt2
ISIC_0014849,39.12288453034546,int2
ISIC_0014850,33.87120470917608,int1
ISIC_0014851,40.09803619205591,int2
ISIC_0014853,52.52211822291025,lt2
ISIC_0014854,51.426906923005056,lt2
ISIC_0014855,45.10654021794662,lt1
ISIC_0014857,40.236978177662486,int2
ISIC_0014860,37.73054314855849,int2
ISIC_0014862,47.4634540436564,lt1
ISIC_0014863,39.10167235968187,int2
ISIC_0014867,42.30546665814469,lt1
ISIC_0014868,43.36323544069383,lt1
ISIC_0014869,38.6143675233682,int2
ISIC_0014872,37.17227426267868,int2
ISIC_0014876,43.777374361249485,lt1
ISIC_0014879,48.43796297697662,lt2
ISIC_0014883,54.943129822789885,lt2
ISIC_0014890,40.368200531607364,int2
ISIC_0014891,46.44518062871355,lt1
ISIC_0014897,51.86423162743773,lt2
ISIC_0014898,44.849451671744525,lt1
ISIC_0014901,39.083728738268746,int2
ISIC_0014903,42.4171640358082,lt1
ISIC_0014904,35.96129577546188,int2
ISIC_0014907,37.739825746965266,int2
ISIC_0014908,46.704328853112415,lt1
ISIC_0014910,40.6024687189078,int2
ISIC_0014911,50.26282453576379,lt2
ISIC_0014912,37.906000599398375,int2
ISIC_0014913,43.345199627399325,lt1
ISIC_0014915,41.233443130567984,lt1
ISIC_0014919,33.837539697535185,int1
ISIC_0014920,51.73946241125953,lt2
ISIC_0014921,48.12814865681766,lt2
ISIC_0014922,50.183861273838055,lt2
ISIC_0014923,49.19821029351266,lt2
ISIC_0014925,41.34541596289648,lt1
ISIC_0014926,35.19036673122891,int2
ISIC_0014927,49.324873733944024,lt2
ISIC_0014928,41.679195038570406,lt1
ISIC_0014929,47.28487201620132,lt1
ISIC_0014930,48.97852543278745,lt2
ISIC_0014931,29.890295003050902,int1
ISIC_0014932,46.01572553676948,lt1
ISIC_0014933,48.07193023722069,lt2
ISIC_0014936,49.16048532327211,lt2
ISIC_0014937,53.118608975949634,lt2
ISIC_0014938,51.191675896006736,lt2
ISIC_0014940,44.19536969270887,lt1
ISIC_0014941,54.54336213019474,lt2
ISIC_0014942,47.79748846322619,lt1
ISIC_0014943,41.295160135006036,lt1
ISIC_0014944,40.00910219264731,int2
ISIC_0014945,45.63071017563821,lt1
ISIC_0014946,48.08001133787646,lt2
ISIC_0014947,52.408551843848436,lt2
ISIC_0014948,48.817387635069146,lt2
ISIC_0014949,40.58331876145223,int2
ISIC_0014951,44.95534757901254,lt1
ISIC_0014952,52.593156982037726,lt2
ISIC_0014955,42.869516193053336,lt1
ISIC_0014956,43.917726279291124,lt1
ISIC_0014957,50.99120943796741,lt2
ISIC_0014958,44.89359571080794,lt1
ISIC_0014961,50.21431750385684,lt2
ISIC_0014962,43.02372498530144,lt1
ISIC_0014963,48.641517185196925,lt2
ISIC_0014964,48.98983644830458,lt2
ISIC_0014966,38.70733882317885,int2
ISIC_0014968,41.77394210664322,lt1
ISIC_0014969,46.316399509136396,lt1
ISIC_0014973,50.10503931450016,lt2
ISIC_0014974,48.275500231820146,lt2
ISIC_0014975,32.59763261325723,int1
ISIC_0014979,33.44430489301522,int1
ISIC_0014982,45.75915826427264,lt1
ISIC_0014983,49.25504227867993,lt2
ISIC_0014985,27.8031306141188,tan2
ISIC_0014987,41.43714474425351,lt1
ISIC_0014989,48.136159237743406,lt2
ISIC_0014992,40.68958819384471,int2
ISIC_0014994,36.87675853603444,int2
ISIC_0014998,40.857119167665324,int2
ISIC_0015002,40.2223364567288,int2
ISIC_0015003,43.478823222508055,lt1
ISIC_0015005,34.21998005496479,int1
ISIC_0015007,37.295544207901834,int2
ISIC_0015008,38.66458095684896,int2
ISIC_0015009,48.49058142310174,lt2
ISIC_0015011,43.632204930893785,lt1
ISIC_0015013,40.49184463362844,int2
ISIC_0015015,41.17739747172938,lt1
ISIC_0015016,39.330727957798516,int2
ISIC_0015018,33.691372985079575,int1
ISIC_0015019,45.19852760356203,lt1
ISIC_0015020,47.45236964822737,lt1
ISIC_0015021,30.98187762843165,int1
ISIC_0015023,48.07762531376219,lt2
ISIC_0015026,42.32727899417173,lt1
ISIC_0015030,38.21731609559622,int2
ISIC_0015031,43.55644634061375,lt1
ISIC_0015032,40.01464405409024,int2
ISIC_0015034,46.30368372854862,lt1
ISIC_0015035,45.751053314654754,lt1
ISIC_0015037,41.86118325705471,lt1
ISIC_0015040,37.30473276093281,int2
ISIC_0015041,49.21296996233106,lt2
ISIC_0015043,49.150179070697945,lt2
ISIC_0015044,39.045523990321726,int2
ISIC_0015046,46.729392794970366,lt1
ISIC_0015050,34.82435143714131,int2
ISIC_0015051,39.52058121326017,int2
ISIC_0015056,40.18700956504412,int2
ISIC_0015057,36.16972727908867,int2
ISIC_0015060,42.68774624083491,lt1
ISIC_0015062,51.42025776618254,lt2
ISIC_0015064,41.43352237922984,lt1
ISIC_0015071,47.76726739979412,lt1
ISIC_0015078,37.828671671482326,int2
ISIC_0015079,42.820238449773974,lt1
ISIC_0015082,36.715815109188355,int2
ISIC_0015089,52.30083714509018,lt2
ISIC_0015102,47.77870288582076,lt1
ISIC_0015108,39.98242868351502,int2
ISIC_0015109,46.04570537732847,lt1
ISIC_0015110,35.82192939533803,int2
ISIC_0015113,46.96813368404619,lt1
ISIC_0015115,37.69556012843926,int2
ISIC_0015118,43.00814901556194,lt1
ISIC_0015124,54.67170492712665,lt2
ISIC_0015125,52.88015404381881,lt2
ISIC_0015127,44.68997127221773,lt1
ISIC_0015129,43.75326980769652,lt1
ISIC_0015130,52.51257777464656,lt2
ISIC_0015132,36.701796931258066,int2
ISIC_0015133,41.82600587908979,lt1
ISIC_0015136,40.06735294062337,int2
ISIC_0015139,51.358060137246625,lt2
ISIC_0015140,50.70624081938125,lt2
ISIC_0015142,50.90406646332907,lt2
ISIC_0015144,47.89273160921529,lt1
ISIC_0015146,47.61813450572754,lt1
ISIC_0015149,40.559762688141745,int2
ISIC_0015150,42.170914162272155,lt1
ISIC_0015152,46.22183279019227,lt1
ISIC_0015153,41.48016078942868,lt1
ISIC_0015155,45.654254769801916,lt1
ISIC_0015156,36.824826655498676,int2
ISIC_0015157,38.358984542072456,int2
ISIC_0015158,35.535934481093314,int2
ISIC_0015160,47.16756231737358,lt1
ISIC_0015161,42.48873919470952,lt1
ISIC_0015163,45.93099120564708,lt1
ISIC_0015166,32.37525934268841,int1
ISIC_0015167,41.86643599173947,lt1
ISIC_0015170,36.43309128364406,int2
ISIC_0015171,40.058798574802694,int2
ISIC_0015173,46.501988952036015,lt1
ISIC_0015174,45.474129886444246,lt1
ISIC_0015175,44.59151478847105,lt1
ISIC_0015176,41.26339774361992,lt1
ISIC_0015179,43.49391304852554,lt1
ISIC_0015180,29.074442647679923,int1
ISIC_0015184,49.04589063735648,lt2
ISIC_0015185,40.85762612006338,int2
ISIC_0015189,45.22973783290748,lt1
ISIC_0015190,40.632331974790496,int2
ISIC_0015193,41.367041776480555,lt1
ISIC_0015200,51.95327903780136,lt2
ISIC_0015201,49.77305106153944,lt2
ISIC_0015202,53.24326008350628,lt2
ISIC_0015203,42.41677934047222,lt1
ISIC_0015204,40.434769465834854,int2
ISIC_0015206,42.259723868302416,lt1
ISIC_0015207,39.64634769094116,int2
ISIC_0015208,42.93657873372012,lt1
ISIC_0015211,50.31215838705226,lt2
ISIC_0015212,42.39383557201577,lt1
ISIC_0015215,47.06313544348076,lt1
ISIC_0015216,42.032243285166565,lt1
ISIC_0015218,42.68409538330886,lt1
ISIC_0015219,39.82917629166342,int2
ISIC_0015220,35.46073278122094,int2
ISIC_0015223,42.45022595527241,lt1
ISIC_0015224,48.083057885327754,lt2
ISIC_0015226,39.09671180380814,int2
ISIC_0015229,35.494466458366084,int2
ISIC_0015232,41.42592917569694,lt1
ISIC_0015233,38.68140941010667,int2
ISIC_0015237,42.24132909510125,lt1
ISIC_0015241,42.13162291814584,lt1
ISIC_0015243,37.66683504356223,int2
ISIC_0015244,39.83796505613956,int2
ISIC_0015245,30.293669334296567,int1
ISIC_0015250,38.134769732525406,int2
ISIC_0015251,35.903309885775556,int2
ISIC_0015254,39.736267190658424,int2
ISIC_0015255,50.716544336691044,lt2
ISIC_0015256,34.53167926005886,int2
ISIC_0015258,51.80709306975323,lt2
ISIC_0015260,46.470093213903496,lt1
ISIC_0015264,45.49477753157725,lt1
ISIC_0015270,44.26845073340917,lt1
ISIC_0015273,42.96044528138072,lt1
ISIC_0015274,42.862470161916406,lt1
ISIC_0015276,39.49313194409755,int2
ISIC_0015279,33.24976012466284,int1
ISIC_0015283,52.24302173333568,lt2
ISIC_0015284,36.21060916811784,int2
ISIC_0015291,41.80622831819009,lt1
ISIC_0015293,45.79082098082467,lt1
ISIC_0015295,49.19504695809071,lt2
ISIC_0015298,51.02459852943279,lt2
ISIC_0015309,31.529584960436353,int1
ISIC_0015310,38.73388680131331,int2
ISIC_0015311,50.302609406184295,lt2
ISIC_0015312,48.2218772078534,lt2
ISIC_0015313,55.06071020567784,very_lt
ISIC_0015330,50.9248336520616,lt2
ISIC_0015331,41.263971694277345,lt1
ISIC_0015353,27.497433090062135,tan2
ISIC_0015355,49.57181977843607,lt2
ISIC_0015357,42.22869303085016,lt1
ISIC_0015360,53.97898499271683,lt2
ISIC_0015363,34.41493289307237,int1
ISIC_0015368,41.18159613068105,lt1
ISIC_0015369,34.123872932122545,int1
ISIC_0015383,49.49539379550733,lt2
ISIC_0015390,48.125128495861496,lt2
ISIC_0015395,47.87617391573703,lt1
ISIC_0015401,48.26336706515587,lt2
ISIC_0015403,37.359285796344864,int2
ISIC_0015404,47.82662270082915,lt1
ISIC_0015411,45.95115289246314,lt1
ISIC_0015412,45.82747613875891,lt1
ISIC_0015416,45.5312791930868,lt1
ISIC_0015417,41.368970786457375,lt1
ISIC_0015418,49.24206208974511,lt2
ISIC_0015419,53.34940143847157,lt2
ISIC_0015436,46.34507662800896,lt1
ISIC_0015440,38.46271767146816,int2
ISIC_0015443,39.53388358815446,int2
ISIC_0015445,39.87251158590502,int2
ISIC_0015447,38.518196458496234,int2
ISIC_0015455,46.79130610404599,lt1
ISIC_0015464,44.214413684582276,lt1
ISIC_0015466,37.33819347501189,int2
ISIC_0015468,42.30364682404838,lt1
ISIC_0015476,46.32246201077317,lt1
ISIC_0015481,37.10555530592991,int2
ISIC_0015482,40.1473441364455,int2
ISIC_0015483,45.49111463046164,lt1
ISIC_0015485,51.18608720009038,lt2
ISIC_0015496,53.719705792861575,lt2
ISIC_0015510,40.910386244761426,int2
ISIC_0015526,46.368925718262545,lt1
ISIC_0015537,-19.649220383377873,dark
ISIC_0015544,-3.573446267012708,dark
ISIC_0015559,49.03239340111836,lt2
ISIC_0015563,44.99529253943723,lt1
ISIC_0015566,21.34461954547694,tan2
ISIC_0015568,52.70409544098719,lt2
ISIC_0015582,50.9000073306212,lt2
ISIC_0015593,44.04332836321988,lt1
ISIC_0015603,35.40832188855383,int2
ISIC_0015607,36.65346603339374,int2
ISIC_0015614,43.73620018267797,lt1
ISIC_0015617,41.03177913321446,lt1
ISIC_0015625,45.746187253054735,lt1
ISIC_0015627,33.932934336406234,int1
ISIC_0015631,47.99325270140193,lt1
ISIC_0015636,-20.639057117658524,dark
ISIC_0015638,41.78219910797575,lt1
ISIC_0015641,49.52863429976117,lt2
ISIC_0015645,46.044628558174395,lt1
ISIC_0015936,37.22090300658326,int2
ISIC_0015937,52.35226714503417,lt2
ISIC_0015939,46.11611742505649,lt1
ISIC_0015940,47.616188216724176,lt1
ISIC_0015941,47.417093289893586,lt1
ISIC_0015942,44.08209389006584,lt1
ISIC_0015943,33.8830008495865,int1
ISIC_0015944,29.068218292450005,int1
ISIC_0015945,37.68146883836358,int2
ISIC_0015946,35.811867382636144,int2
ISIC_0015947,40.96932333559634,int2
ISIC_0015948,46.19392248984243,lt1
ISIC_0015949,50.59105224029561,lt2
ISIC_0015950,35.44102217770646,int2
ISIC_0015951,33.72104061861719,int1
ISIC_0015952,28.305122780453406,int1
ISIC_0015953,31.937368505103493,int1
ISIC_0015955,42.22104823649978,lt1
ISIC_0015956,46.32490503481608,lt1
ISIC_0015957,40.270302349292685,int2
ISIC_0015958,47.65430428463164,lt1
ISIC_0015960,46.799123163737896,lt1
ISIC_0015961,42.91735375099915,lt1
ISIC_0015962,44.01488016545392,lt1
ISIC_0015963,50.76301356652399,lt2
ISIC_0015964,36.04194244004163,int2
ISIC_0015965,41.65917637497904,lt1
ISIC_0015966,48.56810112330753,lt2
ISIC_0015967,42.92287095193236,lt1
ISIC_0015968,29.230560379076277,int1
ISIC_0015969,39.37467737779368,int2
ISIC_0015971,42.064580518182595,lt1
ISIC_0015972,37.55679338270723,int2
ISIC_0015973,49.06603980913307,lt2
ISIC_0015974,50.83794659530429,lt2
ISIC_0015975,42.43522793777125,lt1
ISIC_0015976,43.50378088954723,lt1
ISIC_0015978,50.23991413779464,lt2
ISIC_0015980,42.656603169903036,lt1
ISIC_0015981,43.39417323824143,lt1
ISIC_0015982,46.28819751646305,lt1
ISIC_0015983,43.67860931214976,lt1
ISIC_0015984,43.96556793764563,lt1
ISIC_0015985,40.02494764430226,int2
ISIC_0015986,46.8053071415355,lt1
ISIC_0015987,46.68098043640322,lt1
ISIC_0015989,39.27045538023427,int2
ISIC_0015990,35.94153955767499,int2
ISIC_0015991,38.03882151384403,int2
ISIC_0015993,40.95286765766027,int2
ISIC_0015994,45.40329765682376,lt1
ISIC_0015995,38.76915588548821,int2
ISIC_0015996,37.794896541127144,int2
ISIC_0015997,37.69003688577349,int2
ISIC_0015998,28.26912105899855,int1
ISIC_0015999,30.971054954646537,int1
ISIC_0016000,35.64056565110636,int2
ISIC_0016003,41.917992837578794,lt1
ISIC_0016004,34.778050164234486,int2
ISIC_0016005,41.71805969695289,lt1
ISIC_0016006,35.565023088238505,int2
ISIC_0016007,29.928479001328192,int1
ISIC_0016008,40.6398624872779,int2
ISIC_0016009,42.81453811792278,lt1
ISIC_0016011,36.341043363470575,int2
ISIC_0016012,33.49617521312258,int1
ISIC_0016013,30.55521411399532,int1
ISIC_0016014,44.33068524819488,lt1
ISIC_0016015,38.71905452547134,int2
ISIC_0016016,28.236385913768583,int1
ISIC_0016017,39.30145791555053,int2
ISIC_0016019,34.35206451397331,int1
ISIC_0016022,33.04745743983158,int1
ISIC_0016023,36.820826123496836,int2
ISIC_0016024,40.26860325307213,int2
ISIC_0016025,36.2550138892531,int2
ISIC_0016026,33.26086142207575,int1
ISIC_0016027,32.23237622940871,int1
ISIC_0016028,42.0717060456508,lt1
ISIC_0016029,41.52095112630596,lt1
ISIC_0016030,39.58107889271593,int2
ISIC_0016033,44.8244964382165,lt1
ISIC_0016034,38.158705635011756,int2
ISIC_0016035,37.58375211731201,int2
ISIC_0016036,34.40154939167342,int1
ISIC_0016037,38.57622329079603,int2
ISIC_0016038,47.460118199932154,lt1
ISIC_0016040,36.71021575556441,int2
ISIC_0016041,37.429727818409255,int2
ISIC_0016042,35.71768091003823,int2
ISIC_0016043,36.498137698295565,int2
ISIC_0016044,35.726448378444616,int2
ISIC_0016045,40.11809964897016,int2
ISIC_0016046,41.85131414298815,lt1
ISIC_0016048,39.46328577126484,int2
ISIC_0016050,34.90247911341914,int2
ISIC_0016051,40.814749632408244,int2
ISIC_0016052,38.598535969707946,int2
ISIC_0016053,31.076975785358737,int1
ISIC_0016054,36.73148833559746,int2
ISIC_0016055,42.39620528571306,lt1
ISIC_0016056,27.46516228298626,tan2
ISIC_0016057,37.11571108686279,int2
ISIC_0016058,30.318627744976844,int1
ISIC_0016059,37.739087701098974,int2
ISIC_0016060,31.067765157126438,int1
ISIC_0016061,35.543938099136234,int2
ISIC_0016062,35.46308889896368,int2
ISIC_0016063,41.66888432365909,lt1
ISIC_0016064,29.89783314884871,int1
ISIC_0016065,29.738710694184412,int1
ISIC_0016066,30.6232246746254,int1
ISIC_0016068,43.08207644011935,lt1
ISIC_0016069,36.25791817175131,int2
ISIC_0016070,32.59199727098934,int1
ISIC_0016071,40.38792059608431,int2
ISIC_0016072,33.30113048596495,int1
